rgn_id,stock_id_taxonkey,year,mean_catch
1.0,Marine_fishes_not_identified-71_100039,2001,789.198100470441
1.0,Miscellaneous_marine_crustaceans-71_100047,2001,6.01574716480659
1.0,Miscellaneous_aquatic_invertebrates-71_100077,2001,36.313322093448
1.0,Marine_pelagic_fishes_not_identified-71_100339,2001,0.188269238108783
1.0,Mollusca-71_190195,2001,31.8515231607107
1.0,Elasmobranchii-71_200004,2001,1.0950911739473
1.0,Chondrichtyes-71_200538,2001,108.038277760862
1.0,Cephalopoda-71_290002,2001,25.714427398424
1.0,Bivalvia-71_290004,2001,0.54382519621333
1.0,Gastropoda-71_290006,2001,0.721338490837097
1.0,Scyphozoa-71_290013,2001,0.0825960301159331
1.0,Pteriomorphia-71_290056,2001,0.00287185199627388
1.0,Clupeiformes-71_300028,2001,0.0314918503242037
1.0,Scorpaeniformes-71_300059,2001,2.67749740081348
1.0,Perciformes-71_300060,2001,16.1250802680956
1.0,Batoidea-71_300063,2001,1.24611145707539
1.0,Teuthida-71_390002,2001,0.375814227675762
1.0,Decapoda-71_390013,2001,1.42152253059812
1.0,Carcharhinidae-71_400011,2001,50.9842836014425
1.0,Clupeidae-71_400043,2001,2.83731065153552
1.0,Synodontidae-71_400160,2001,7.6691529688051
1.0,Berycidae-71_400240,2001,37.2177419354839
1.0,Holocentridae-71_400243,2001,0.0126498175512132
1.0,Triglidae-71_400266,2001,1.10528792750294
1.0,Serranidae-71_400289,2001,759.588035890936
1.0,Carangidae-71_400314,2001,181.808367612156
1.0,Lutjanidae-71_400323,2001,567.844490853634
1.0,Haemulidae-71_400327,2001,0.058303482628138
1.0,Lethrinidae-71_400328,2001,329.216342803861
1.0,Sparidae-71_400330,2001,3.17448045081901e-4
1.0,Sciaenidae-71_400331,2001,5.27371372640873
1.0,Mullidae-71_400332,2001,0.093676523317122
1.0,Mugilidae-71_400359,2001,449.312994440095
1.0,Sphyraenidae-71_400360,2001,234.954137635779
1.0,Labridae-71_400362,2001,39.9809426647932
1.0,Scaridae-71_400364,2001,44.0686440479883
1.0,Acanthuridae-71_400412,2001,0.042134372518978
1.0,Siganidae-71_400413,2001,0.163759753117974
1.0,Scombridae-71_400416,2001,1770.66894633701
1.0,Istiophoridae-71_400419,2001,4.1422937988048
1.0,Sepiidae-71_490011,2001,0.205842213043169
1.0,Octopodidae-71_490012,2001,0.541125116772014
1.0,Portunidae-71_490031,2001,7.20124762975793
1.0,Palinuridae-71_490039,2001,0.011549604361691
1.0,Penaeidae-71_490043,2001,0.298387096774194
1.0,Veneridae-71_490060,2001,8.28498193869198
1.0,Tridacnidae-71_490062,2001,24.400173928591
1.0,Holothuriidae-71_490132,2001,900.58064516129
1.0,Scomber-71_500142,2001,0.210440016972718
1.0,Siganus-71_500240,2001,114.678535344586
1.0,Epinephelus-71_500366,2001,0.0452060521854171
1.0,Sphyraena-71_500372,2001,0.0929857065950819
1.0,Caesio-71_500475,2001,1.09162799306492e-5
1.0,Scomberomorus-71_500487,2001,19.3697670757893
1.0,Isurus-71_500638,2001,6.90213670567696
1.0,Alopias-71_500639,2001,1.81915815533396
1.0,Scolopsis-71_500808,2001,2.94387014113466e-4
1.0,Chirocentrus-71_500856,2001,0.0203545339654955
1.0,Sillago-71_500891,2001,0.0316509868325667
1.0,Priacanthus-71_500912,2001,1.38091352220289
1.0,Seriola-71_500928,2001,0.0355177142270103
1.0,Etelis-71_501116,2001,0.00870753604638467
1.0,Lethrinus-71_501144,2001,0.0418961883591379
1.0,Auxis-71_501163,2001,0.332717714172774
1.0,Gymnocranius-71_503580,2001,67.941872288128
1.0,Hemiramphus-71_509289,2001,19.982902795755
1.0,Sepia-71_590011,2001,0.00150218516690621
1.0,Octopus-71_590013,2001,0.143027436361246
1.0,Crassostrea-71_590014,2001,0.00639255824277597
1.0,Panulirus-71_590083,2001,16.3363209633963
1.0,Penaeus-71_590096,2001,0.593883483399875
1.0,Modiolus-71_590116,2001,0.671691518531742
1.0,Coryphaena_hippurus-71_600006,2001,0.0541243159765463
1.0,Aphareus_rutilans-71_600083,2001,0.00549288644666853
1.0,Etelis_carbunculus-71_600087,2001,0.0352683476491831
1.0,Acanthocybium_solandri-71_600089,2001,0.0370183411538731
1.0,Katsuwonus_pelamis-71_600107,2001,41.7579483639013
1.0,Rastrelliger_kanagurta-71_600111,2001,143.699398583973
1.0,Scomberomorus_commerson-71_600121,2001,136.2168919945
1.0,Thunnus_alalunga-71_600142,2001,1666.8369399972
1.0,Thunnus_albacares-71_600143,2001,423.155391881051
1.0,Thunnus_obesus-71_600146,2001,75.5398520851925
1.0,Lutjanus_malabaricus-71_600162,2001,0.0994952128364944
1.0,Pristipomoides_filamentosus-71_600201,2001,0.0861087808574162
1.0,Pristipomoides_flavipinnis-71_600202,2001,0.00923872411293556
1.0,Pristipomoides_multidens-71_600208,2001,0.00761717631195562
1.0,Istiompax_indica-71_600217,2001,22.6180669925918
1.0,Makaira_mazara-71_600218,2001,40.2988433786915
1.0,Kajikia_audax-71_600223,2001,114.14595371618
1.0,Xiphias_gladius-71_600226,2001,50.0623322857232
1.0,Lutjanus_fulvus-71_600262,2001,0.00695717239222611
1.0,Lutjanus_gibbus-71_600265,2001,0.00552480014761317
1.0,Lactarius_lactarius-71_600363,2001,0.0353670100099966
1.0,Brama_brama-71_600391,2001,0.00419562832153
1.0,Pomadasys_argenteus-71_600399,2001,11.9897418991096
1.0,Elagatis_bipinnulata-71_600412,2001,0.0151883571954629
1.0,Isurus_oxyrinchus-71_600752,2001,6.56074902859887
1.0,Carcharhinus_longimanus-71_600875,2001,0.952120388715038
1.0,Prionace_glauca-71_600898,2001,37.5994088791276
1.0,Sphyrna_lewini-71_600912,2001,0.170257834560476
1.0,Acanthurus_lineatus-71_601258,2001,0.00144492219337802
1.0,Naso_lituratus-71_601264,2001,0.00276002317769134
1.0,Naso_unicornis-71_601265,2001,154.92873338534
1.0,Trichiurus_lepturus-71_601288,2001,0.149899209699405
1.0,Etelis_coruscans-71_601385,2001,0.0560941255587429
1.0,Pellona_ditchela-71_601641,2001,0.12915968796182
1.0,Lethrinus_nebulosus-71_601846,2001,1041.89932622807
1.0,Lethrinus_rubrioperculatus-71_601848,2001,67.2458354816764
1.0,Lethrinus_xanthochilus-71_601852,2001,150.314225127275
1.0,Plectropomus_leopardus-71_604826,2001,207.822197912214
1.0,Epinephelus_merra-71_604923,2001,0.00217004555561513
1.0,Epinephelus_morrhua-71_605353,2001,0.00165745172435824
1.0,Variola_louti-71_605354,2001,0.00968926624885317
1.0,Cheilinus_undulatus-71_605604,2001,1.16103578379345e-4
1.0,Chirocentrus_dorab-71_606358,2001,0.0257841185184539
1.0,Portunus_pelagicus-71_690055,2001,0.921331145504694
1.0,Scylla_serrata-71_690190,2001,106.241226386247
1.0,Panulirus_longipes-71_690228,2001,0.0590636268127755
1.0,Melicertus_latisulcatus-71_690432,2001,0.0557581563742437
1.0,Panulirus_penicillatus-71_690801,2001,0.0961096269655177
1.0,Panulirus_versicolor-71_690802,2001,0.0669953785279204
1.0,Ranina_ranina-71_690883,2001,0.788445586942819
1.0,Marine_fishes_not_identified-81_100039,2001,30.3149764089865
1.0,Marine_pelagic_fishes_not_identified-81_100339,2001,0.0167184140760738
1.0,Mollusca-81_190195,2001,6.40260311843184e-5
1.0,Elasmobranchii-81_200004,2001,0.00302681306360692
1.0,Chondrichtyes-81_200538,2001,0.226490119968057
1.0,Echinoidea-81_290011,2001,0.0115828532376976
1.0,Pteriomorphia-81_290056,2001,0.00342931967933225
1.0,Squaliformes-81_300009,2001,0.0106011285692769
1.0,Clupeiformes-81_300028,2001,0.00266663579385203
1.0,Gadiformes-81_300044,2001,0.248218534903852
1.0,Scorpaeniformes-81_300059,2001,4.01232683797361e-4
1.0,Perciformes-81_300060,2001,0.00418527414807064
1.0,Pleuronectiformes-81_300061,2001,0.00290574309189537
1.0,Teuthida-81_390002,2001,14.2700093651893
1.0,Decapoda-81_390013,2001,2.99926163600996e-4
1.0,Lamnidae-81_400009,2001,1.18673302931195e-4
1.0,Carcharhinidae-81_400011,2001,7.17955167319814e-4
1.0,Clupeidae-81_400043,2001,0.136419795083941
1.0,Triglidae-81_400266,2001,0.0285292561266163
1.0,Sparidae-81_400330,2001,1.84057592837681
1.0,Mugilidae-81_400359,2001,0.00464496924422246
1.0,Scombridae-81_400416,2001,0.754413620779587
1.0,Peristediidae-81_400581,2001,0.00125973714196091
1.0,Centriscidae-81_400595,2001,0.00112488178487238
1.0,Ommastrephidae-81_490004,2001,0.0275177816419467
1.0,Isurus-81_500638,2001,0.116601130415497
1.0,Alopias-81_500639,2001,0.0360549278456516
1.0,Sphyrna-81_500693,2001,5.75387965489e-4
1.0,Carcharhinus-81_500816,2001,0.0219977996291801
1.0,Coryphaena_hippurus-81_600006,2001,0.0189987158195415
1.0,Acanthocybium_solandri-81_600089,2001,0.00376599167984172
1.0,Auxis_thazard-81_600094,2001,8.2379120706736e-4
1.0,Katsuwonus_pelamis-81_600107,2001,1.79185922981701
1.0,Thunnus_alalunga-81_600142,2001,213.875943933708
1.0,Thunnus_albacares-81_600143,2001,29.4473591854192
1.0,Thunnus_obesus-81_600146,2001,13.8486977526661
1.0,Istiompax_indica-81_600217,2001,0.209827818113344
1.0,Makaira_mazara-81_600218,2001,0.946075755583689
1.0,Kajikia_audax-81_600223,2001,11.4462223186816
1.0,Xiphias_gladius-81_600226,2001,22.8700264213397
1.0,Brama_brama-81_600391,2001,0.00355180638919579
1.0,Isurus_oxyrinchus-81_600752,2001,0.164357527475268
1.0,Mugil_cephalus-81_600785,2001,0.617250442414632
1.0,Carcharhinus_longimanus-81_600875,2001,0.0147428751564656
1.0,Prionace_glauca-81_600898,2001,0.841846406525613
1.0,Mola_mola-81_601732,2001,3.69249088562605e-5
1.0,Antimora_rostrata-81_602005,2001,8.57019480747056e-4
1.0,Halargyreus_johnsonii-81_602012,2001,0.00249144243019131
1.0,Alopias_vulpinus-81_602535,2001,3.02885368113778e-4
1.0,Pagrus_auratus-81_606426,2001,0.164575978834031
1.0,Neocyttus_rhomboidalis-81_609146,2001,6.78022682505972e-4
1.0,Scylla_serrata-81_690190,2001,0.0191617263026978
1.0,Haliporoides_sibogae-81_690194,2001,0.664724548886176
1.0,Ranina_ranina-81_690883,2001,0.035581401508761
1.0,Marine_fishes_not_identified-71_100039,2002,789.198100470441
1.0,Miscellaneous_marine_crustaceans-71_100047,2002,6.01574716480659
1.0,Miscellaneous_aquatic_invertebrates-71_100077,2002,36.313322093448
1.0,Marine_pelagic_fishes_not_identified-71_100339,2002,0.188269238108783
1.0,Mollusca-71_190195,2002,31.8515231607107
1.0,Elasmobranchii-71_200004,2002,1.0950911739473
1.0,Chondrichtyes-71_200538,2002,108.038277760862
1.0,Cephalopoda-71_290002,2002,25.714427398424
1.0,Bivalvia-71_290004,2002,0.54382519621333
1.0,Gastropoda-71_290006,2002,0.721338490837097
1.0,Scyphozoa-71_290013,2002,0.0825960301159331
1.0,Pteriomorphia-71_290056,2002,0.00287185199627388
1.0,Clupeiformes-71_300028,2002,0.0314918503242037
1.0,Scorpaeniformes-71_300059,2002,2.67749740081348
1.0,Perciformes-71_300060,2002,16.1250802680956
1.0,Batoidea-71_300063,2002,1.24611145707539
1.0,Teuthida-71_390002,2002,0.375814227675762
1.0,Decapoda-71_390013,2002,1.42152253059812
1.0,Carcharhinidae-71_400011,2002,50.9842836014425
1.0,Clupeidae-71_400043,2002,2.83731065153552
1.0,Synodontidae-71_400160,2002,7.6691529688051
1.0,Berycidae-71_400240,2002,37.2177419354839
1.0,Holocentridae-71_400243,2002,0.0126498175512132
1.0,Triglidae-71_400266,2002,1.10528792750294
1.0,Serranidae-71_400289,2002,759.588035890936
1.0,Carangidae-71_400314,2002,181.808367612156
1.0,Lutjanidae-71_400323,2002,567.844490853634
1.0,Haemulidae-71_400327,2002,0.058303482628138
1.0,Lethrinidae-71_400328,2002,329.216342803861
1.0,Sparidae-71_400330,2002,3.17448045081901e-4
1.0,Sciaenidae-71_400331,2002,5.27371372640873
1.0,Mullidae-71_400332,2002,0.093676523317122
1.0,Mugilidae-71_400359,2002,449.312994440095
1.0,Sphyraenidae-71_400360,2002,234.954137635779
1.0,Labridae-71_400362,2002,39.9809426647932
1.0,Scaridae-71_400364,2002,44.0686440479883
1.0,Acanthuridae-71_400412,2002,0.042134372518978
1.0,Siganidae-71_400413,2002,0.163759753117974
1.0,Scombridae-71_400416,2002,1770.66894633701
1.0,Istiophoridae-71_400419,2002,4.1422937988048
1.0,Sepiidae-71_490011,2002,0.205842213043169
1.0,Octopodidae-71_490012,2002,0.541125116772014
1.0,Portunidae-71_490031,2002,7.20124762975793
1.0,Palinuridae-71_490039,2002,0.011549604361691
1.0,Penaeidae-71_490043,2002,0.298387096774194
1.0,Veneridae-71_490060,2002,8.28498193869198
1.0,Tridacnidae-71_490062,2002,24.400173928591
1.0,Holothuriidae-71_490132,2002,900.58064516129
1.0,Scomber-71_500142,2002,0.210440016972718
1.0,Siganus-71_500240,2002,114.678535344586
1.0,Epinephelus-71_500366,2002,0.0452060521854171
1.0,Sphyraena-71_500372,2002,0.0929857065950819
1.0,Caesio-71_500475,2002,1.09162799306492e-5
1.0,Scomberomorus-71_500487,2002,19.3697670757893
1.0,Isurus-71_500638,2002,6.90213670567696
1.0,Alopias-71_500639,2002,1.81915815533396
1.0,Scolopsis-71_500808,2002,2.94387014113466e-4
1.0,Chirocentrus-71_500856,2002,0.0203545339654955
1.0,Sillago-71_500891,2002,0.0316509868325667
1.0,Priacanthus-71_500912,2002,1.38091352220289
1.0,Seriola-71_500928,2002,0.0355177142270103
1.0,Etelis-71_501116,2002,0.00870753604638467
1.0,Lethrinus-71_501144,2002,0.0418961883591379
1.0,Auxis-71_501163,2002,0.332717714172774
1.0,Gymnocranius-71_503580,2002,67.941872288128
1.0,Hemiramphus-71_509289,2002,19.982902795755
1.0,Sepia-71_590011,2002,0.00150218516690621
1.0,Octopus-71_590013,2002,0.143027436361246
1.0,Crassostrea-71_590014,2002,0.00639255824277597
1.0,Panulirus-71_590083,2002,16.3363209633963
1.0,Penaeus-71_590096,2002,0.593883483399875
1.0,Modiolus-71_590116,2002,0.671691518531742
1.0,Coryphaena_hippurus-71_600006,2002,0.0541243159765463
1.0,Aphareus_rutilans-71_600083,2002,0.00549288644666853
1.0,Etelis_carbunculus-71_600087,2002,0.0352683476491831
1.0,Acanthocybium_solandri-71_600089,2002,0.0370183411538731
1.0,Katsuwonus_pelamis-71_600107,2002,41.7579483639013
1.0,Rastrelliger_kanagurta-71_600111,2002,143.699398583973
1.0,Scomberomorus_commerson-71_600121,2002,136.2168919945
1.0,Thunnus_alalunga-71_600142,2002,1666.8369399972
1.0,Thunnus_albacares-71_600143,2002,423.155391881051
1.0,Thunnus_obesus-71_600146,2002,75.5398520851925
1.0,Lutjanus_malabaricus-71_600162,2002,0.0994952128364944
1.0,Pristipomoides_filamentosus-71_600201,2002,0.0861087808574162
1.0,Pristipomoides_flavipinnis-71_600202,2002,0.00923872411293556
1.0,Pristipomoides_multidens-71_600208,2002,0.00761717631195562
1.0,Istiompax_indica-71_600217,2002,22.6180669925918
1.0,Makaira_mazara-71_600218,2002,40.2988433786915
1.0,Kajikia_audax-71_600223,2002,114.14595371618
1.0,Xiphias_gladius-71_600226,2002,50.0623322857232
1.0,Lutjanus_fulvus-71_600262,2002,0.00695717239222611
1.0,Lutjanus_gibbus-71_600265,2002,0.00552480014761317
1.0,Lactarius_lactarius-71_600363,2002,0.0353670100099966
1.0,Brama_brama-71_600391,2002,0.00419562832153
1.0,Pomadasys_argenteus-71_600399,2002,11.9897418991096
1.0,Elagatis_bipinnulata-71_600412,2002,0.0151883571954629
1.0,Isurus_oxyrinchus-71_600752,2002,6.56074902859887
1.0,Carcharhinus_longimanus-71_600875,2002,0.952120388715038
1.0,Prionace_glauca-71_600898,2002,37.5994088791276
1.0,Sphyrna_lewini-71_600912,2002,0.170257834560476
1.0,Acanthurus_lineatus-71_601258,2002,0.00144492219337802
1.0,Naso_lituratus-71_601264,2002,0.00276002317769134
1.0,Naso_unicornis-71_601265,2002,154.92873338534
1.0,Trichiurus_lepturus-71_601288,2002,0.149899209699405
1.0,Etelis_coruscans-71_601385,2002,0.0560941255587429
1.0,Pellona_ditchela-71_601641,2002,0.12915968796182
1.0,Lethrinus_nebulosus-71_601846,2002,1041.89932622807
1.0,Lethrinus_rubrioperculatus-71_601848,2002,67.2458354816764
1.0,Lethrinus_xanthochilus-71_601852,2002,150.314225127275
1.0,Plectropomus_leopardus-71_604826,2002,207.822197912214
1.0,Epinephelus_merra-71_604923,2002,0.00217004555561513
1.0,Epinephelus_morrhua-71_605353,2002,0.00165745172435824
1.0,Variola_louti-71_605354,2002,0.00968926624885317
1.0,Cheilinus_undulatus-71_605604,2002,1.16103578379345e-4
1.0,Chirocentrus_dorab-71_606358,2002,0.0257841185184539
1.0,Portunus_pelagicus-71_690055,2002,0.921331145504694
1.0,Scylla_serrata-71_690190,2002,106.241226386247
1.0,Panulirus_longipes-71_690228,2002,0.0590636268127755
1.0,Melicertus_latisulcatus-71_690432,2002,0.0557581563742437
1.0,Panulirus_penicillatus-71_690801,2002,0.0961096269655177
1.0,Panulirus_versicolor-71_690802,2002,0.0669953785279204
1.0,Ranina_ranina-71_690883,2002,0.788445586942819
1.0,Marine_fishes_not_identified-81_100039,2002,30.3149764089865
1.0,Marine_pelagic_fishes_not_identified-81_100339,2002,0.0167184140760738
1.0,Mollusca-81_190195,2002,6.40260311843184e-5
1.0,Elasmobranchii-81_200004,2002,0.00302681306360692
1.0,Chondrichtyes-81_200538,2002,0.226490119968057
1.0,Echinoidea-81_290011,2002,0.0115828532376976
1.0,Pteriomorphia-81_290056,2002,0.00342931967933225
1.0,Squaliformes-81_300009,2002,0.0106011285692769
1.0,Clupeiformes-81_300028,2002,0.00266663579385203
1.0,Gadiformes-81_300044,2002,0.248218534903852
1.0,Scorpaeniformes-81_300059,2002,4.01232683797361e-4
1.0,Perciformes-81_300060,2002,0.00418527414807064
1.0,Pleuronectiformes-81_300061,2002,0.00290574309189537
1.0,Teuthida-81_390002,2002,14.2700093651893
1.0,Decapoda-81_390013,2002,2.99926163600996e-4
1.0,Lamnidae-81_400009,2002,1.18673302931195e-4
1.0,Carcharhinidae-81_400011,2002,7.17955167319814e-4
1.0,Clupeidae-81_400043,2002,0.136419795083941
1.0,Triglidae-81_400266,2002,0.0285292561266163
1.0,Sparidae-81_400330,2002,1.84057592837681
1.0,Mugilidae-81_400359,2002,0.00464496924422246
1.0,Scombridae-81_400416,2002,0.754413620779587
1.0,Peristediidae-81_400581,2002,0.00125973714196091
1.0,Centriscidae-81_400595,2002,0.00112488178487238
1.0,Ommastrephidae-81_490004,2002,0.0275177816419467
1.0,Isurus-81_500638,2002,0.116601130415497
1.0,Alopias-81_500639,2002,0.0360549278456516
1.0,Sphyrna-81_500693,2002,5.75387965489e-4
1.0,Carcharhinus-81_500816,2002,0.0219977996291801
1.0,Coryphaena_hippurus-81_600006,2002,0.0189987158195415
1.0,Acanthocybium_solandri-81_600089,2002,0.00376599167984172
1.0,Auxis_thazard-81_600094,2002,8.2379120706736e-4
1.0,Katsuwonus_pelamis-81_600107,2002,1.79185922981701
1.0,Thunnus_alalunga-81_600142,2002,213.875943933708
1.0,Thunnus_albacares-81_600143,2002,29.4473591854192
1.0,Thunnus_obesus-81_600146,2002,13.8486977526661
1.0,Istiompax_indica-81_600217,2002,0.209827818113344
1.0,Makaira_mazara-81_600218,2002,0.946075755583689
1.0,Kajikia_audax-81_600223,2002,11.4462223186816
1.0,Xiphias_gladius-81_600226,2002,22.8700264213397
1.0,Brama_brama-81_600391,2002,0.00355180638919579
1.0,Isurus_oxyrinchus-81_600752,2002,0.164357527475268
1.0,Mugil_cephalus-81_600785,2002,0.617250442414632
1.0,Carcharhinus_longimanus-81_600875,2002,0.0147428751564656
1.0,Prionace_glauca-81_600898,2002,0.841846406525613
1.0,Mola_mola-81_601732,2002,3.69249088562605e-5
1.0,Antimora_rostrata-81_602005,2002,8.57019480747056e-4
1.0,Halargyreus_johnsonii-81_602012,2002,0.00249144243019131
1.0,Alopias_vulpinus-81_602535,2002,3.02885368113778e-4
1.0,Pagrus_auratus-81_606426,2002,0.164575978834031
1.0,Neocyttus_rhomboidalis-81_609146,2002,6.78022682505972e-4
1.0,Scylla_serrata-81_690190,2002,0.0191617263026978
1.0,Haliporoides_sibogae-81_690194,2002,0.664724548886176
1.0,Ranina_ranina-81_690883,2002,0.035581401508761
1.0,Marine_fishes_not_identified-71_100039,2003,789.198100470441
1.0,Miscellaneous_marine_crustaceans-71_100047,2003,6.01574716480659
1.0,Miscellaneous_aquatic_invertebrates-71_100077,2003,36.313322093448
1.0,Marine_pelagic_fishes_not_identified-71_100339,2003,0.188269238108783
1.0,Mollusca-71_190195,2003,31.8515231607107
1.0,Elasmobranchii-71_200004,2003,1.0950911739473
1.0,Chondrichtyes-71_200538,2003,108.038277760862
1.0,Cephalopoda-71_290002,2003,25.714427398424
1.0,Bivalvia-71_290004,2003,0.54382519621333
1.0,Gastropoda-71_290006,2003,0.721338490837097
1.0,Scyphozoa-71_290013,2003,0.0825960301159331
1.0,Pteriomorphia-71_290056,2003,0.00287185199627388
1.0,Clupeiformes-71_300028,2003,0.0314918503242037
1.0,Scorpaeniformes-71_300059,2003,2.67749740081348
1.0,Perciformes-71_300060,2003,16.1250802680956
1.0,Batoidea-71_300063,2003,1.24611145707539
1.0,Teuthida-71_390002,2003,0.375814227675762
1.0,Decapoda-71_390013,2003,1.42152253059812
1.0,Carcharhinidae-71_400011,2003,50.9842836014425
1.0,Clupeidae-71_400043,2003,2.83731065153552
1.0,Synodontidae-71_400160,2003,7.6691529688051
1.0,Berycidae-71_400240,2003,37.2177419354839
1.0,Holocentridae-71_400243,2003,0.0126498175512132
1.0,Triglidae-71_400266,2003,1.10528792750294
1.0,Serranidae-71_400289,2003,759.588035890936
1.0,Carangidae-71_400314,2003,181.808367612156
1.0,Lutjanidae-71_400323,2003,567.844490853634
1.0,Haemulidae-71_400327,2003,0.058303482628138
1.0,Lethrinidae-71_400328,2003,329.216342803861
1.0,Sparidae-71_400330,2003,3.17448045081901e-4
1.0,Sciaenidae-71_400331,2003,5.27371372640873
1.0,Mullidae-71_400332,2003,0.093676523317122
1.0,Mugilidae-71_400359,2003,449.312994440095
1.0,Sphyraenidae-71_400360,2003,234.954137635779
1.0,Labridae-71_400362,2003,39.9809426647932
1.0,Scaridae-71_400364,2003,44.0686440479883
1.0,Acanthuridae-71_400412,2003,0.042134372518978
1.0,Siganidae-71_400413,2003,0.163759753117974
1.0,Scombridae-71_400416,2003,1770.66894633701
1.0,Istiophoridae-71_400419,2003,4.1422937988048
1.0,Sepiidae-71_490011,2003,0.205842213043169
1.0,Octopodidae-71_490012,2003,0.541125116772014
1.0,Portunidae-71_490031,2003,7.20124762975793
1.0,Palinuridae-71_490039,2003,0.011549604361691
1.0,Penaeidae-71_490043,2003,0.298387096774194
1.0,Veneridae-71_490060,2003,8.28498193869198
1.0,Tridacnidae-71_490062,2003,24.400173928591
1.0,Holothuriidae-71_490132,2003,900.58064516129
1.0,Scomber-71_500142,2003,0.210440016972718
1.0,Siganus-71_500240,2003,114.678535344586
1.0,Epinephelus-71_500366,2003,0.0452060521854171
1.0,Sphyraena-71_500372,2003,0.0929857065950819
1.0,Caesio-71_500475,2003,1.09162799306492e-5
1.0,Scomberomorus-71_500487,2003,19.3697670757893
1.0,Isurus-71_500638,2003,6.90213670567696
1.0,Alopias-71_500639,2003,1.81915815533396
1.0,Scolopsis-71_500808,2003,2.94387014113466e-4
1.0,Carcharhinus-71_500816,2003,2.43069287828615
1.0,Chirocentrus-71_500856,2003,0.0203545339654955
1.0,Sillago-71_500891,2003,0.0316509868325667
1.0,Priacanthus-71_500912,2003,1.38091352220289
1.0,Seriola-71_500928,2003,0.0355177142270103
1.0,Etelis-71_501116,2003,0.00870753604638467
1.0,Lethrinus-71_501144,2003,0.0418961883591379
1.0,Auxis-71_501163,2003,0.332717714172774
1.0,Gymnocranius-71_503580,2003,67.941872288128
1.0,Hemiramphus-71_509289,2003,19.982902795755
1.0,Sepia-71_590011,2003,0.00150218516690621
1.0,Octopus-71_590013,2003,0.143027436361246
1.0,Crassostrea-71_590014,2003,0.00639255824277597
1.0,Panulirus-71_590083,2003,16.3363209633963
1.0,Penaeus-71_590096,2003,0.593883483399875
1.0,Modiolus-71_590116,2003,0.671691518531742
1.0,Coryphaena_hippurus-71_600006,2003,0.0541243159765463
1.0,Aphareus_rutilans-71_600083,2003,0.00549288644666853
1.0,Etelis_carbunculus-71_600087,2003,0.0352683476491831
1.0,Acanthocybium_solandri-71_600089,2003,0.0370183411538731
1.0,Katsuwonus_pelamis-71_600107,2003,41.7579483639013
1.0,Rastrelliger_kanagurta-71_600111,2003,143.699398583973
1.0,Scomberomorus_commerson-71_600121,2003,136.2168919945
1.0,Thunnus_alalunga-71_600142,2003,1666.8369399972
1.0,Thunnus_albacares-71_600143,2003,423.155391881051
1.0,Thunnus_obesus-71_600146,2003,75.5398520851925
1.0,Lutjanus_malabaricus-71_600162,2003,0.0994952128364944
1.0,Pristipomoides_filamentosus-71_600201,2003,0.0861087808574162
1.0,Pristipomoides_flavipinnis-71_600202,2003,0.00923872411293556
1.0,Pristipomoides_multidens-71_600208,2003,0.00761717631195562
1.0,Istiompax_indica-71_600217,2003,22.6180669925918
1.0,Makaira_mazara-71_600218,2003,40.2988433786915
1.0,Kajikia_audax-71_600223,2003,114.14595371618
1.0,Xiphias_gladius-71_600226,2003,50.0623322857232
1.0,Lutjanus_fulvus-71_600262,2003,0.00695717239222611
1.0,Lutjanus_gibbus-71_600265,2003,0.00552480014761317
1.0,Lactarius_lactarius-71_600363,2003,0.0353670100099966
1.0,Brama_brama-71_600391,2003,0.00419562832153
1.0,Pomadasys_argenteus-71_600399,2003,11.9897418991096
1.0,Elagatis_bipinnulata-71_600412,2003,0.0151883571954629
1.0,Isurus_oxyrinchus-71_600752,2003,6.56074902859887
1.0,Carcharhinus_longimanus-71_600875,2003,0.952120388715038
1.0,Prionace_glauca-71_600898,2003,37.5994088791276
1.0,Sphyrna_lewini-71_600912,2003,0.170257834560476
1.0,Acanthurus_lineatus-71_601258,2003,0.00144492219337802
1.0,Naso_lituratus-71_601264,2003,0.00276002317769134
1.0,Naso_unicornis-71_601265,2003,154.92873338534
1.0,Trichiurus_lepturus-71_601288,2003,0.149899209699405
1.0,Etelis_coruscans-71_601385,2003,0.0560941255587429
1.0,Pellona_ditchela-71_601641,2003,0.12915968796182
1.0,Lethrinus_nebulosus-71_601846,2003,1041.89932622807
1.0,Lethrinus_rubrioperculatus-71_601848,2003,67.2458354816764
1.0,Lethrinus_xanthochilus-71_601852,2003,150.314225127275
1.0,Plectropomus_leopardus-71_604826,2003,207.822197912214
1.0,Epinephelus_merra-71_604923,2003,0.00217004555561513
1.0,Epinephelus_morrhua-71_605353,2003,0.00165745172435824
1.0,Variola_louti-71_605354,2003,0.00968926624885317
1.0,Cheilinus_undulatus-71_605604,2003,1.16103578379345e-4
1.0,Chirocentrus_dorab-71_606358,2003,0.0257841185184539
1.0,Portunus_pelagicus-71_690055,2003,0.921331145504694
1.0,Scylla_serrata-71_690190,2003,106.241226386247
1.0,Panulirus_longipes-71_690228,2003,0.0590636268127755
1.0,Melicertus_latisulcatus-71_690432,2003,0.0557581563742437
1.0,Panulirus_penicillatus-71_690801,2003,0.0961096269655177
1.0,Panulirus_versicolor-71_690802,2003,0.0669953785279204
1.0,Ranina_ranina-71_690883,2003,0.788445586942819
1.0,Marine_fishes_not_identified-81_100039,2003,30.3149764089865
1.0,Marine_pelagic_fishes_not_identified-81_100339,2003,0.0167184140760738
1.0,Mollusca-81_190195,2003,6.40260311843184e-5
1.0,Elasmobranchii-81_200004,2003,0.00302681306360692
1.0,Chondrichtyes-81_200538,2003,0.226490119968057
1.0,Echinoidea-81_290011,2003,0.0115828532376976
1.0,Pteriomorphia-81_290056,2003,0.00342931967933225
1.0,Squaliformes-81_300009,2003,0.0106011285692769
1.0,Clupeiformes-81_300028,2003,0.00266663579385203
1.0,Gadiformes-81_300044,2003,0.248218534903852
1.0,Scorpaeniformes-81_300059,2003,4.01232683797361e-4
1.0,Perciformes-81_300060,2003,0.00418527414807064
1.0,Pleuronectiformes-81_300061,2003,0.00290574309189537
1.0,Teuthida-81_390002,2003,14.2700093651893
1.0,Decapoda-81_390013,2003,2.99926163600996e-4
1.0,Lamnidae-81_400009,2003,1.18673302931195e-4
1.0,Carcharhinidae-81_400011,2003,7.17955167319814e-4
1.0,Clupeidae-81_400043,2003,0.136419795083941
1.0,Triglidae-81_400266,2003,0.0285292561266163
1.0,Sparidae-81_400330,2003,1.84057592837681
1.0,Mugilidae-81_400359,2003,0.00464496924422246
1.0,Scombridae-81_400416,2003,0.754413620779587
1.0,Peristediidae-81_400581,2003,0.00125973714196091
1.0,Centriscidae-81_400595,2003,0.00112488178487238
1.0,Ommastrephidae-81_490004,2003,0.0275177816419467
1.0,Isurus-81_500638,2003,0.116601130415497
1.0,Alopias-81_500639,2003,0.0360549278456516
1.0,Sphyrna-81_500693,2003,5.75387965489e-4
1.0,Carcharhinus-81_500816,2003,0.0219977996291801
1.0,Coryphaena_hippurus-81_600006,2003,0.0189987158195415
1.0,Acanthocybium_solandri-81_600089,2003,0.00376599167984172
1.0,Auxis_thazard-81_600094,2003,8.2379120706736e-4
1.0,Katsuwonus_pelamis-81_600107,2003,1.79185922981701
1.0,Thunnus_alalunga-81_600142,2003,213.875943933708
1.0,Thunnus_albacares-81_600143,2003,29.4473591854192
1.0,Thunnus_obesus-81_600146,2003,13.8486977526661
1.0,Istiompax_indica-81_600217,2003,0.209827818113344
1.0,Makaira_mazara-81_600218,2003,0.946075755583689
1.0,Kajikia_audax-81_600223,2003,11.4462223186816
1.0,Xiphias_gladius-81_600226,2003,22.8700264213397
1.0,Brama_brama-81_600391,2003,0.00355180638919579
1.0,Isurus_oxyrinchus-81_600752,2003,0.164357527475268
1.0,Mugil_cephalus-81_600785,2003,0.617250442414632
1.0,Carcharhinus_longimanus-81_600875,2003,0.0147428751564656
1.0,Prionace_glauca-81_600898,2003,0.841846406525613
1.0,Lampris_guttatus-81_601072,2003,2.53333366127485e-4
1.0,Mola_mola-81_601732,2003,3.69249088562605e-5
1.0,Antimora_rostrata-81_602005,2003,8.57019480747056e-4
1.0,Halargyreus_johnsonii-81_602012,2003,0.00249144243019131
1.0,Alopias_vulpinus-81_602535,2003,3.02885368113778e-4
1.0,Pagrus_auratus-81_606426,2003,0.164575978834031
1.0,Neocyttus_rhomboidalis-81_609146,2003,6.78022682505972e-4
1.0,Scylla_serrata-81_690190,2003,0.0191617263026978
1.0,Haliporoides_sibogae-81_690194,2003,0.664724548886176
1.0,Ranina_ranina-81_690883,2003,0.035581401508761
1.0,Marine_fishes_not_identified-71_100039,2004,789.198100470441
1.0,Miscellaneous_marine_crustaceans-71_100047,2004,6.01574716480659
1.0,Miscellaneous_aquatic_invertebrates-71_100077,2004,36.313322093448
1.0,Marine_pelagic_fishes_not_identified-71_100339,2004,0.188269238108783
1.0,Mollusca-71_190195,2004,31.8515231607107
1.0,Elasmobranchii-71_200004,2004,1.0950911739473
1.0,Chondrichtyes-71_200538,2004,108.038277760862
1.0,Cephalopoda-71_290002,2004,25.714427398424
1.0,Bivalvia-71_290004,2004,0.54382519621333
1.0,Gastropoda-71_290006,2004,0.721338490837097
1.0,Scyphozoa-71_290013,2004,0.0825960301159331
1.0,Pteriomorphia-71_290056,2004,0.00287185199627388
1.0,Lamniformes-71_300007,2004,1.32445347378198e-4
1.0,Clupeiformes-71_300028,2004,0.0314918503242037
1.0,Scorpaeniformes-71_300059,2004,2.67749740081348
1.0,Perciformes-71_300060,2004,16.1250802680956
1.0,Batoidea-71_300063,2004,1.24611145707539
1.0,Teuthida-71_390002,2004,0.375814227675762
1.0,Decapoda-71_390013,2004,1.42152253059812
1.0,Carcharhinidae-71_400011,2004,50.9842836014425
1.0,Sphyrnidae-71_400012,2004,1.14097950640589
1.0,Clupeidae-71_400043,2004,2.83731065153552
1.0,Synodontidae-71_400160,2004,7.6691529688051
1.0,Berycidae-71_400240,2004,37.2177419354839
1.0,Holocentridae-71_400243,2004,0.0126498175512132
1.0,Triglidae-71_400266,2004,1.10528792750294
1.0,Serranidae-71_400289,2004,759.588035890936
1.0,Carangidae-71_400314,2004,181.808367612156
1.0,Lutjanidae-71_400323,2004,567.844490853634
1.0,Haemulidae-71_400327,2004,0.058303482628138
1.0,Lethrinidae-71_400328,2004,329.216342803861
1.0,Sparidae-71_400330,2004,3.17448045081901e-4
1.0,Sciaenidae-71_400331,2004,5.27371372640873
1.0,Mullidae-71_400332,2004,0.093676523317122
1.0,Mugilidae-71_400359,2004,449.312994440095
1.0,Sphyraenidae-71_400360,2004,234.954137635779
1.0,Labridae-71_400362,2004,39.9809426647932
1.0,Scaridae-71_400364,2004,44.0686440479883
1.0,Acanthuridae-71_400412,2004,0.042134372518978
1.0,Siganidae-71_400413,2004,0.163759753117974
1.0,Scombridae-71_400416,2004,1770.66894633701
1.0,Istiophoridae-71_400419,2004,4.1422937988048
1.0,Sepiidae-71_490011,2004,0.205842213043169
1.0,Octopodidae-71_490012,2004,0.541125116772014
1.0,Portunidae-71_490031,2004,7.20124762975793
1.0,Palinuridae-71_490039,2004,0.011549604361691
1.0,Penaeidae-71_490043,2004,0.298387096774194
1.0,Veneridae-71_490060,2004,8.28498193869198
1.0,Tridacnidae-71_490062,2004,24.400173928591
1.0,Holothuriidae-71_490132,2004,900.58064516129
1.0,Scomber-71_500142,2004,0.210440016972718
1.0,Siganus-71_500240,2004,114.678535344586
1.0,Epinephelus-71_500366,2004,0.0452060521854171
1.0,Sphyraena-71_500372,2004,0.0929857065950819
1.0,Caesio-71_500475,2004,1.09162799306492e-5
1.0,Scomberomorus-71_500487,2004,19.3697670757893
1.0,Isurus-71_500638,2004,6.90213670567696
1.0,Alopias-71_500639,2004,1.81915815533396
1.0,Scolopsis-71_500808,2004,2.94387014113466e-4
1.0,Carcharhinus-71_500816,2004,2.43069287828615
1.0,Chirocentrus-71_500856,2004,0.0203545339654955
1.0,Sillago-71_500891,2004,0.0316509868325667
1.0,Priacanthus-71_500912,2004,1.38091352220289
1.0,Seriola-71_500928,2004,0.0355177142270103
1.0,Etelis-71_501116,2004,0.00870753604638467
1.0,Lethrinus-71_501144,2004,0.0418961883591379
1.0,Auxis-71_501163,2004,0.332717714172774
1.0,Gymnocranius-71_503580,2004,67.941872288128
1.0,Hemiramphus-71_509289,2004,19.982902795755
1.0,Sepia-71_590011,2004,0.00150218516690621
1.0,Octopus-71_590013,2004,0.143027436361246
1.0,Crassostrea-71_590014,2004,0.00639255824277597
1.0,Panulirus-71_590083,2004,16.3363209633963
1.0,Penaeus-71_590096,2004,0.593883483399875
1.0,Modiolus-71_590116,2004,0.671691518531742
1.0,Coryphaena_hippurus-71_600006,2004,0.0541243159765463
1.0,Aphareus_rutilans-71_600083,2004,0.00549288644666853
1.0,Etelis_carbunculus-71_600087,2004,0.0352683476491831
1.0,Acanthocybium_solandri-71_600089,2004,0.0370183411538731
1.0,Katsuwonus_pelamis-71_600107,2004,41.7579483639013
1.0,Rastrelliger_kanagurta-71_600111,2004,143.699398583973
1.0,Scomberomorus_commerson-71_600121,2004,136.2168919945
1.0,Thunnus_alalunga-71_600142,2004,1666.8369399972
1.0,Thunnus_albacares-71_600143,2004,423.155391881051
1.0,Thunnus_obesus-71_600146,2004,75.5398520851925
1.0,Lutjanus_malabaricus-71_600162,2004,0.0994952128364944
1.0,Pristipomoides_filamentosus-71_600201,2004,0.0861087808574162
1.0,Pristipomoides_flavipinnis-71_600202,2004,0.00923872411293556
1.0,Pristipomoides_multidens-71_600208,2004,0.00761717631195562
1.0,Istiompax_indica-71_600217,2004,22.6180669925918
1.0,Makaira_mazara-71_600218,2004,40.2988433786915
1.0,Kajikia_audax-71_600223,2004,114.14595371618
1.0,Xiphias_gladius-71_600226,2004,50.0623322857232
1.0,Lutjanus_fulvus-71_600262,2004,0.00695717239222611
1.0,Lutjanus_gibbus-71_600265,2004,0.00552480014761317
1.0,Lactarius_lactarius-71_600363,2004,0.0353670100099966
1.0,Brama_brama-71_600391,2004,0.00419562832153
1.0,Pomadasys_argenteus-71_600399,2004,11.9897418991096
1.0,Elagatis_bipinnulata-71_600412,2004,0.0151883571954629
1.0,Isurus_oxyrinchus-71_600752,2004,6.56074902859887
1.0,Carcharhinus_longimanus-71_600875,2004,0.952120388715038
1.0,Carcharhinus_plumbeus-71_600880,2004,0.00570321718728388
1.0,Prionace_glauca-71_600898,2004,37.5994088791276
1.0,Sphyrna_lewini-71_600912,2004,0.170257834560476
1.0,Acanthurus_lineatus-71_601258,2004,0.00144492219337802
1.0,Naso_lituratus-71_601264,2004,0.00276002317769134
1.0,Naso_unicornis-71_601265,2004,154.92873338534
1.0,Trichiurus_lepturus-71_601288,2004,0.149899209699405
1.0,Etelis_coruscans-71_601385,2004,0.0560941255587429
1.0,Pellona_ditchela-71_601641,2004,0.12915968796182
1.0,Lethrinus_nebulosus-71_601846,2004,1041.89932622807
1.0,Lethrinus_rubrioperculatus-71_601848,2004,67.2458354816764
1.0,Lethrinus_xanthochilus-71_601852,2004,150.314225127275
1.0,Plectropomus_leopardus-71_604826,2004,207.822197912214
1.0,Epinephelus_merra-71_604923,2004,0.00217004555561513
1.0,Epinephelus_morrhua-71_605353,2004,0.00165745172435824
1.0,Variola_louti-71_605354,2004,0.00968926624885317
1.0,Cheilinus_undulatus-71_605604,2004,1.16103578379345e-4
1.0,Chirocentrus_dorab-71_606358,2004,0.0257841185184539
1.0,Portunus_pelagicus-71_690055,2004,0.921331145504694
1.0,Scylla_serrata-71_690190,2004,106.241226386247
1.0,Panulirus_longipes-71_690228,2004,0.0590636268127755
1.0,Melicertus_latisulcatus-71_690432,2004,0.0557581563742437
1.0,Panulirus_penicillatus-71_690801,2004,0.0961096269655177
1.0,Panulirus_versicolor-71_690802,2004,0.0669953785279204
1.0,Ranina_ranina-71_690883,2004,0.788445586942819
1.0,Marine_fishes_not_identified-81_100039,2004,30.3149764089865
1.0,Marine_pelagic_fishes_not_identified-81_100339,2004,0.0167184140760738
1.0,Mollusca-81_190195,2004,6.40260311843184e-5
1.0,Elasmobranchii-81_200004,2004,0.00302681306360692
1.0,Chondrichtyes-81_200538,2004,0.226490119968057
1.0,Echinoidea-81_290011,2004,0.0115828532376976
1.0,Pteriomorphia-81_290056,2004,0.00342931967933225
1.0,Squaliformes-81_300009,2004,0.0106011285692769
1.0,Clupeiformes-81_300028,2004,0.00266663579385203
1.0,Gadiformes-81_300044,2004,0.248218534903852
1.0,Scorpaeniformes-81_300059,2004,4.01232683797361e-4
1.0,Perciformes-81_300060,2004,0.00418527414807064
1.0,Pleuronectiformes-81_300061,2004,0.00290574309189537
1.0,Teuthida-81_390002,2004,14.2700093651893
1.0,Decapoda-81_390013,2004,2.99926163600996e-4
1.0,Lamnidae-81_400009,2004,1.18673302931195e-4
1.0,Carcharhinidae-81_400011,2004,7.17955167319814e-4
1.0,Clupeidae-81_400043,2004,0.136419795083941
1.0,Triglidae-81_400266,2004,0.0285292561266163
1.0,Sparidae-81_400330,2004,1.84057592837681
1.0,Mugilidae-81_400359,2004,0.00464496924422246
1.0,Scombridae-81_400416,2004,0.754413620779587
1.0,Peristediidae-81_400581,2004,0.00125973714196091
1.0,Centriscidae-81_400595,2004,0.00112488178487238
1.0,Ommastrephidae-81_490004,2004,0.0275177816419467
1.0,Isurus-81_500638,2004,0.116601130415497
1.0,Alopias-81_500639,2004,0.0360549278456516
1.0,Sphyrna-81_500693,2004,5.75387965489e-4
1.0,Carcharhinus-81_500816,2004,0.0219977996291801
1.0,Coryphaena_hippurus-81_600006,2004,0.0189987158195415
1.0,Acanthocybium_solandri-81_600089,2004,0.00376599167984172
1.0,Auxis_thazard-81_600094,2004,8.2379120706736e-4
1.0,Katsuwonus_pelamis-81_600107,2004,1.79185922981701
1.0,Thunnus_alalunga-81_600142,2004,213.875943933708
1.0,Thunnus_albacares-81_600143,2004,29.4473591854192
1.0,Thunnus_obesus-81_600146,2004,13.8486977526661
1.0,Istiompax_indica-81_600217,2004,0.209827818113344
1.0,Makaira_mazara-81_600218,2004,0.946075755583689
1.0,Kajikia_audax-81_600223,2004,11.4462223186816
1.0,Xiphias_gladius-81_600226,2004,22.8700264213397
1.0,Brama_brama-81_600391,2004,0.00355180638919579
1.0,Isurus_oxyrinchus-81_600752,2004,0.164357527475268
1.0,Mugil_cephalus-81_600785,2004,0.617250442414632
1.0,Carcharhinus_longimanus-81_600875,2004,0.0147428751564656
1.0,Prionace_glauca-81_600898,2004,0.841846406525613
1.0,Lampris_guttatus-81_601072,2004,2.53333366127485e-4
1.0,Mola_mola-81_601732,2004,3.69249088562605e-5
1.0,Antimora_rostrata-81_602005,2004,8.57019480747056e-4
1.0,Halargyreus_johnsonii-81_602012,2004,0.00249144243019131
1.0,Alopias_vulpinus-81_602535,2004,3.02885368113778e-4
1.0,Pagrus_auratus-81_606426,2004,0.164575978834031
1.0,Neocyttus_rhomboidalis-81_609146,2004,6.78022682505972e-4
1.0,Scylla_serrata-81_690190,2004,0.0191617263026978
1.0,Haliporoides_sibogae-81_690194,2004,0.664724548886176
1.0,Ranina_ranina-81_690883,2004,0.035581401508761
1.0,Marine_fishes_not_identified-71_100039,2005,789.198100470441
1.0,Miscellaneous_marine_crustaceans-71_100047,2005,6.01574716480659
1.0,Miscellaneous_aquatic_invertebrates-71_100077,2005,36.313322093448
1.0,Marine_pelagic_fishes_not_identified-71_100339,2005,0.188269238108783
1.0,Mollusca-71_190195,2005,31.8515231607107
1.0,Elasmobranchii-71_200004,2005,1.0950911739473
1.0,Chondrichtyes-71_200538,2005,108.038277760862
1.0,Cephalopoda-71_290002,2005,25.714427398424
1.0,Bivalvia-71_290004,2005,0.54382519621333
1.0,Gastropoda-71_290006,2005,0.721338490837097
1.0,Scyphozoa-71_290013,2005,0.0825960301159331
1.0,Pteriomorphia-71_290056,2005,0.00287185199627388
1.0,Lamniformes-71_300007,2005,1.32445347378198e-4
1.0,Clupeiformes-71_300028,2005,0.0314918503242037
1.0,Scorpaeniformes-71_300059,2005,2.67749740081348
1.0,Perciformes-71_300060,2005,16.1250802680956
1.0,Batoidea-71_300063,2005,1.24611145707539
1.0,Teuthida-71_390002,2005,0.375814227675762
1.0,Decapoda-71_390013,2005,1.42152253059812
1.0,Carcharhinidae-71_400011,2005,50.9842836014425
1.0,Sphyrnidae-71_400012,2005,1.14097950640589
1.0,Clupeidae-71_400043,2005,2.83731065153552
1.0,Synodontidae-71_400160,2005,7.6691529688051
1.0,Berycidae-71_400240,2005,37.2177419354839
1.0,Holocentridae-71_400243,2005,0.0126498175512132
1.0,Triglidae-71_400266,2005,1.10528792750294
1.0,Serranidae-71_400289,2005,759.588035890936
1.0,Carangidae-71_400314,2005,181.808367612156
1.0,Lutjanidae-71_400323,2005,567.844490853634
1.0,Haemulidae-71_400327,2005,0.058303482628138
1.0,Lethrinidae-71_400328,2005,329.216342803861
1.0,Sparidae-71_400330,2005,3.17448045081901e-4
1.0,Sciaenidae-71_400331,2005,5.27371372640873
1.0,Mullidae-71_400332,2005,0.093676523317122
1.0,Mugilidae-71_400359,2005,449.312994440095
1.0,Sphyraenidae-71_400360,2005,234.954137635779
1.0,Labridae-71_400362,2005,39.9809426647932
1.0,Scaridae-71_400364,2005,44.0686440479883
1.0,Acanthuridae-71_400412,2005,0.042134372518978
1.0,Siganidae-71_400413,2005,0.163759753117974
1.0,Scombridae-71_400416,2005,1770.66894633701
1.0,Istiophoridae-71_400419,2005,4.1422937988048
1.0,Sepiidae-71_490011,2005,0.205842213043169
1.0,Octopodidae-71_490012,2005,0.541125116772014
1.0,Portunidae-71_490031,2005,7.20124762975793
1.0,Palinuridae-71_490039,2005,0.011549604361691
1.0,Penaeidae-71_490043,2005,0.298387096774194
1.0,Veneridae-71_490060,2005,8.28498193869198
1.0,Tridacnidae-71_490062,2005,24.400173928591
1.0,Holothuriidae-71_490132,2005,900.58064516129
1.0,Scomber-71_500142,2005,0.210440016972718
1.0,Siganus-71_500240,2005,114.678535344586
1.0,Epinephelus-71_500366,2005,0.0452060521854171
1.0,Sphyraena-71_500372,2005,0.0929857065950819
1.0,Caesio-71_500475,2005,1.09162799306492e-5
1.0,Scomberomorus-71_500487,2005,19.3697670757893
1.0,Isurus-71_500638,2005,6.90213670567696
1.0,Alopias-71_500639,2005,1.81915815533396
1.0,Scolopsis-71_500808,2005,2.94387014113466e-4
1.0,Carcharhinus-71_500816,2005,2.43069287828615
1.0,Chirocentrus-71_500856,2005,0.0203545339654955
1.0,Sillago-71_500891,2005,0.0316509868325667
1.0,Priacanthus-71_500912,2005,1.38091352220289
1.0,Seriola-71_500928,2005,0.0355177142270103
1.0,Etelis-71_501116,2005,0.00870753604638467
1.0,Lethrinus-71_501144,2005,0.0418961883591379
1.0,Auxis-71_501163,2005,0.332717714172774
1.0,Gymnocranius-71_503580,2005,67.941872288128
1.0,Hemiramphus-71_509289,2005,19.982902795755
1.0,Sepia-71_590011,2005,0.00150218516690621
1.0,Octopus-71_590013,2005,0.143027436361246
1.0,Crassostrea-71_590014,2005,0.00639255824277597
1.0,Panulirus-71_590083,2005,16.3363209633963
1.0,Penaeus-71_590096,2005,0.593883483399875
1.0,Modiolus-71_590116,2005,0.671691518531742
1.0,Coryphaena_hippurus-71_600006,2005,0.0541243159765463
1.0,Aphareus_rutilans-71_600083,2005,0.00549288644666853
1.0,Etelis_carbunculus-71_600087,2005,0.0352683476491831
1.0,Acanthocybium_solandri-71_600089,2005,0.0370183411538731
1.0,Katsuwonus_pelamis-71_600107,2005,41.7579483639013
1.0,Rastrelliger_kanagurta-71_600111,2005,143.699398583973
1.0,Scomberomorus_commerson-71_600121,2005,136.2168919945
1.0,Thunnus_alalunga-71_600142,2005,1666.8369399972
1.0,Thunnus_albacares-71_600143,2005,423.155391881051
1.0,Thunnus_obesus-71_600146,2005,75.5398520851925
1.0,Lutjanus_malabaricus-71_600162,2005,0.0994952128364944
1.0,Pristipomoides_filamentosus-71_600201,2005,0.0861087808574162
1.0,Pristipomoides_flavipinnis-71_600202,2005,0.00923872411293556
1.0,Pristipomoides_multidens-71_600208,2005,0.00761717631195562
1.0,Istiompax_indica-71_600217,2005,22.6180669925918
1.0,Makaira_mazara-71_600218,2005,40.2988433786915
1.0,Kajikia_audax-71_600223,2005,114.14595371618
1.0,Xiphias_gladius-71_600226,2005,50.0623322857232
1.0,Lutjanus_fulvus-71_600262,2005,0.00695717239222611
1.0,Lutjanus_gibbus-71_600265,2005,0.00552480014761317
1.0,Lactarius_lactarius-71_600363,2005,0.0353670100099966
1.0,Brama_brama-71_600391,2005,0.00419562832153
1.0,Pomadasys_argenteus-71_600399,2005,11.9897418991096
1.0,Elagatis_bipinnulata-71_600412,2005,0.0151883571954629
1.0,Isurus_oxyrinchus-71_600752,2005,6.56074902859887
1.0,Carcharhinus_longimanus-71_600875,2005,0.952120388715038
1.0,Carcharhinus_plumbeus-71_600880,2005,0.00570321718728388
1.0,Prionace_glauca-71_600898,2005,37.5994088791276
1.0,Sphyrna_lewini-71_600912,2005,0.170257834560476
1.0,Acanthurus_lineatus-71_601258,2005,0.00144492219337802
1.0,Naso_lituratus-71_601264,2005,0.00276002317769134
1.0,Naso_unicornis-71_601265,2005,154.92873338534
1.0,Trichiurus_lepturus-71_601288,2005,0.149899209699405
1.0,Etelis_coruscans-71_601385,2005,0.0560941255587429
1.0,Pellona_ditchela-71_601641,2005,0.12915968796182
1.0,Lethrinus_nebulosus-71_601846,2005,1041.89932622807
1.0,Lethrinus_rubrioperculatus-71_601848,2005,67.2458354816764
1.0,Lethrinus_xanthochilus-71_601852,2005,150.314225127275
1.0,Plectropomus_leopardus-71_604826,2005,207.822197912214
1.0,Epinephelus_merra-71_604923,2005,0.00217004555561513
1.0,Epinephelus_morrhua-71_605353,2005,0.00165745172435824
1.0,Variola_louti-71_605354,2005,0.00968926624885317
1.0,Cheilinus_undulatus-71_605604,2005,1.16103578379345e-4
1.0,Chirocentrus_dorab-71_606358,2005,0.0257841185184539
1.0,Portunus_pelagicus-71_690055,2005,0.921331145504694
1.0,Scylla_serrata-71_690190,2005,106.241226386247
1.0,Panulirus_longipes-71_690228,2005,0.0590636268127755
1.0,Melicertus_latisulcatus-71_690432,2005,0.0557581563742437
1.0,Panulirus_penicillatus-71_690801,2005,0.0961096269655177
1.0,Panulirus_versicolor-71_690802,2005,0.0669953785279204
1.0,Ranina_ranina-71_690883,2005,0.788445586942819
1.0,Marine_fishes_not_identified-81_100039,2005,30.3149764089865
1.0,Marine_pelagic_fishes_not_identified-81_100339,2005,0.0167184140760738
1.0,Mollusca-81_190195,2005,6.40260311843184e-5
1.0,Elasmobranchii-81_200004,2005,0.00302681306360692
1.0,Chondrichtyes-81_200538,2005,0.226490119968057
1.0,Echinoidea-81_290011,2005,0.0115828532376976
1.0,Pteriomorphia-81_290056,2005,0.00342931967933225
1.0,Squaliformes-81_300009,2005,0.0106011285692769
1.0,Clupeiformes-81_300028,2005,0.00266663579385203
1.0,Gadiformes-81_300044,2005,0.248218534903852
1.0,Scorpaeniformes-81_300059,2005,4.01232683797361e-4
1.0,Perciformes-81_300060,2005,0.00418527414807064
1.0,Pleuronectiformes-81_300061,2005,0.00290574309189537
1.0,Teuthida-81_390002,2005,14.2700093651893
1.0,Decapoda-81_390013,2005,2.99926163600996e-4
1.0,Lamnidae-81_400009,2005,1.18673302931195e-4
1.0,Carcharhinidae-81_400011,2005,7.17955167319814e-4
1.0,Clupeidae-81_400043,2005,0.136419795083941
1.0,Triglidae-81_400266,2005,0.0285292561266163
1.0,Sparidae-81_400330,2005,1.84057592837681
1.0,Mugilidae-81_400359,2005,0.00464496924422246
1.0,Scombridae-81_400416,2005,0.754413620779587
1.0,Peristediidae-81_400581,2005,0.00125973714196091
1.0,Centriscidae-81_400595,2005,0.00112488178487238
1.0,Ommastrephidae-81_490004,2005,0.0275177816419467
1.0,Isurus-81_500638,2005,0.116601130415497
1.0,Alopias-81_500639,2005,0.0360549278456516
1.0,Sphyrna-81_500693,2005,5.75387965489e-4
1.0,Carcharhinus-81_500816,2005,0.0219977996291801
1.0,Coryphaena_hippurus-81_600006,2005,0.0189987158195415
1.0,Acanthocybium_solandri-81_600089,2005,0.00376599167984172
1.0,Auxis_thazard-81_600094,2005,8.2379120706736e-4
1.0,Katsuwonus_pelamis-81_600107,2005,1.79185922981701
1.0,Thunnus_alalunga-81_600142,2005,213.875943933708
1.0,Thunnus_albacares-81_600143,2005,29.4473591854192
1.0,Thunnus_obesus-81_600146,2005,13.8486977526661
1.0,Istiompax_indica-81_600217,2005,0.209827818113344
1.0,Makaira_mazara-81_600218,2005,0.946075755583689
1.0,Kajikia_audax-81_600223,2005,11.4462223186816
1.0,Xiphias_gladius-81_600226,2005,22.8700264213397
1.0,Brama_brama-81_600391,2005,0.00355180638919579
1.0,Isurus_oxyrinchus-81_600752,2005,0.164357527475268
1.0,Mugil_cephalus-81_600785,2005,0.617250442414632
1.0,Carcharhinus_longimanus-81_600875,2005,0.0147428751564656
1.0,Prionace_glauca-81_600898,2005,0.841846406525613
1.0,Lampris_guttatus-81_601072,2005,2.53333366127485e-4
1.0,Mola_mola-81_601732,2005,3.69249088562605e-5
1.0,Antimora_rostrata-81_602005,2005,8.57019480747056e-4
1.0,Halargyreus_johnsonii-81_602012,2005,0.00249144243019131
1.0,Alopias_vulpinus-81_602535,2005,3.02885368113778e-4
1.0,Pagrus_auratus-81_606426,2005,0.164575978834031
1.0,Neocyttus_rhomboidalis-81_609146,2005,6.78022682505972e-4
1.0,Scylla_serrata-81_690190,2005,0.0191617263026978
1.0,Haliporoides_sibogae-81_690194,2005,0.664724548886176
1.0,Ranina_ranina-81_690883,2005,0.035581401508761
1.0,Marine_fishes_not_identified-71_100039,2006,789.198100470441
1.0,Miscellaneous_marine_crustaceans-71_100047,2006,6.01574716480659
1.0,Miscellaneous_aquatic_invertebrates-71_100077,2006,36.313322093448
1.0,Marine_pelagic_fishes_not_identified-71_100339,2006,0.188269238108783
1.0,Mollusca-71_190195,2006,31.8515231607107
1.0,Elasmobranchii-71_200004,2006,1.0950911739473
1.0,Chondrichtyes-71_200538,2006,108.038277760862
1.0,Cephalopoda-71_290002,2006,25.714427398424
1.0,Bivalvia-71_290004,2006,0.54382519621333
1.0,Gastropoda-71_290006,2006,0.721338490837097
1.0,Scyphozoa-71_290013,2006,0.0825960301159331
1.0,Pteriomorphia-71_290056,2006,0.00287185199627388
1.0,Lamniformes-71_300007,2006,1.32445347378198e-4
1.0,Carcharhiniformes-71_300008,2006,0.00130604322277525
1.0,Clupeiformes-71_300028,2006,0.0314918503242037
1.0,Scorpaeniformes-71_300059,2006,2.67749740081348
1.0,Perciformes-71_300060,2006,16.1250802680956
1.0,Batoidea-71_300063,2006,1.24611145707539
1.0,Teuthida-71_390002,2006,0.375814227675762
1.0,Decapoda-71_390013,2006,1.42152253059812
1.0,Carcharhinidae-71_400011,2006,50.9842836014425
1.0,Sphyrnidae-71_400012,2006,1.14097950640589
1.0,Clupeidae-71_400043,2006,2.83731065153552
1.0,Synodontidae-71_400160,2006,7.6691529688051
1.0,Berycidae-71_400240,2006,37.2177419354839
1.0,Holocentridae-71_400243,2006,0.0126498175512132
1.0,Triglidae-71_400266,2006,1.10528792750294
1.0,Serranidae-71_400289,2006,759.588035890936
1.0,Carangidae-71_400314,2006,181.808367612156
1.0,Lutjanidae-71_400323,2006,567.844490853634
1.0,Haemulidae-71_400327,2006,0.058303482628138
1.0,Lethrinidae-71_400328,2006,329.216342803861
1.0,Sparidae-71_400330,2006,3.17448045081901e-4
1.0,Sciaenidae-71_400331,2006,5.27371372640873
1.0,Mullidae-71_400332,2006,0.093676523317122
1.0,Mugilidae-71_400359,2006,449.312994440095
1.0,Sphyraenidae-71_400360,2006,234.954137635779
1.0,Labridae-71_400362,2006,39.9809426647932
1.0,Scaridae-71_400364,2006,44.0686440479883
1.0,Acanthuridae-71_400412,2006,0.042134372518978
1.0,Siganidae-71_400413,2006,0.163759753117974
1.0,Scombridae-71_400416,2006,1770.66894633701
1.0,Istiophoridae-71_400419,2006,4.1422937988048
1.0,Sepiidae-71_490011,2006,0.205842213043169
1.0,Octopodidae-71_490012,2006,0.541125116772014
1.0,Portunidae-71_490031,2006,7.20124762975793
1.0,Palinuridae-71_490039,2006,0.011549604361691
1.0,Penaeidae-71_490043,2006,0.298387096774194
1.0,Veneridae-71_490060,2006,8.28498193869198
1.0,Tridacnidae-71_490062,2006,24.400173928591
1.0,Holothuriidae-71_490132,2006,900.58064516129
1.0,Scomber-71_500142,2006,0.210440016972718
1.0,Siganus-71_500240,2006,114.678535344586
1.0,Epinephelus-71_500366,2006,0.0452060521854171
1.0,Sphyraena-71_500372,2006,0.0929857065950819
1.0,Caesio-71_500475,2006,1.09162799306492e-5
1.0,Scomberomorus-71_500487,2006,19.3697670757893
1.0,Isurus-71_500638,2006,6.90213670567696
1.0,Alopias-71_500639,2006,1.81915815533396
1.0,Scolopsis-71_500808,2006,2.94387014113466e-4
1.0,Carcharhinus-71_500816,2006,2.43069287828615
1.0,Chirocentrus-71_500856,2006,0.0203545339654955
1.0,Sillago-71_500891,2006,0.0316509868325667
1.0,Priacanthus-71_500912,2006,1.38091352220289
1.0,Seriola-71_500928,2006,0.0355177142270103
1.0,Etelis-71_501116,2006,0.00870753604638467
1.0,Lethrinus-71_501144,2006,0.0418961883591379
1.0,Auxis-71_501163,2006,0.332717714172774
1.0,Gymnocranius-71_503580,2006,67.941872288128
1.0,Hemiramphus-71_509289,2006,19.982902795755
1.0,Sepia-71_590011,2006,0.00150218516690621
1.0,Octopus-71_590013,2006,0.143027436361246
1.0,Crassostrea-71_590014,2006,0.00639255824277597
1.0,Panulirus-71_590083,2006,16.3363209633963
1.0,Penaeus-71_590096,2006,0.593883483399875
1.0,Modiolus-71_590116,2006,0.671691518531742
1.0,Coryphaena_hippurus-71_600006,2006,0.0541243159765463
1.0,Aphareus_rutilans-71_600083,2006,0.00549288644666853
1.0,Etelis_carbunculus-71_600087,2006,0.0352683476491831
1.0,Acanthocybium_solandri-71_600089,2006,0.0370183411538731
1.0,Katsuwonus_pelamis-71_600107,2006,41.7579483639013
1.0,Rastrelliger_kanagurta-71_600111,2006,143.699398583973
1.0,Scomberomorus_commerson-71_600121,2006,136.2168919945
1.0,Thunnus_alalunga-71_600142,2006,1666.8369399972
1.0,Thunnus_albacares-71_600143,2006,423.155391881051
1.0,Thunnus_obesus-71_600146,2006,75.5398520851925
1.0,Lutjanus_malabaricus-71_600162,2006,0.0994952128364944
1.0,Pristipomoides_filamentosus-71_600201,2006,0.0861087808574162
1.0,Pristipomoides_flavipinnis-71_600202,2006,0.00923872411293556
1.0,Pristipomoides_multidens-71_600208,2006,0.00761717631195562
1.0,Istiompax_indica-71_600217,2006,22.6180669925918
1.0,Makaira_mazara-71_600218,2006,40.2988433786915
1.0,Kajikia_audax-71_600223,2006,114.14595371618
1.0,Xiphias_gladius-71_600226,2006,50.0623322857232
1.0,Lutjanus_fulvus-71_600262,2006,0.00695717239222611
1.0,Lutjanus_gibbus-71_600265,2006,0.00552480014761317
1.0,Lactarius_lactarius-71_600363,2006,0.0353670100099966
1.0,Brama_brama-71_600391,2006,0.00419562832153
1.0,Pomadasys_argenteus-71_600399,2006,11.9897418991096
1.0,Elagatis_bipinnulata-71_600412,2006,0.0151883571954629
1.0,Isurus_oxyrinchus-71_600752,2006,6.56074902859887
1.0,Carcharhinus_falciformis-71_600868,2006,2.83975565615085
1.0,Carcharhinus_longimanus-71_600875,2006,0.952120388715038
1.0,Carcharhinus_plumbeus-71_600880,2006,0.00570321718728388
1.0,Prionace_glauca-71_600898,2006,37.5994088791276
1.0,Sphyrna_lewini-71_600912,2006,0.170257834560476
1.0,Acanthurus_lineatus-71_601258,2006,0.00144492219337802
1.0,Naso_lituratus-71_601264,2006,0.00276002317769134
1.0,Naso_unicornis-71_601265,2006,154.92873338534
1.0,Trichiurus_lepturus-71_601288,2006,0.149899209699405
1.0,Etelis_coruscans-71_601385,2006,0.0560941255587429
1.0,Pellona_ditchela-71_601641,2006,0.12915968796182
1.0,Lethrinus_nebulosus-71_601846,2006,1041.89932622807
1.0,Lethrinus_rubrioperculatus-71_601848,2006,67.2458354816764
1.0,Lethrinus_xanthochilus-71_601852,2006,150.314225127275
1.0,Plectropomus_leopardus-71_604826,2006,207.822197912214
1.0,Epinephelus_merra-71_604923,2006,0.00217004555561513
1.0,Epinephelus_morrhua-71_605353,2006,0.00165745172435824
1.0,Variola_louti-71_605354,2006,0.00968926624885317
1.0,Cheilinus_undulatus-71_605604,2006,1.16103578379345e-4
1.0,Chirocentrus_dorab-71_606358,2006,0.0257841185184539
1.0,Portunus_pelagicus-71_690055,2006,0.921331145504694
1.0,Scylla_serrata-71_690190,2006,106.241226386247
1.0,Panulirus_longipes-71_690228,2006,0.0590636268127755
1.0,Melicertus_latisulcatus-71_690432,2006,0.0557581563742437
1.0,Panulirus_penicillatus-71_690801,2006,0.0961096269655177
1.0,Panulirus_versicolor-71_690802,2006,0.0669953785279204
1.0,Ranina_ranina-71_690883,2006,0.788445586942819
1.0,Marine_fishes_not_identified-81_100039,2006,30.3149764089865
1.0,Marine_pelagic_fishes_not_identified-81_100339,2006,0.0167184140760738
1.0,Mollusca-81_190195,2006,6.40260311843184e-5
1.0,Elasmobranchii-81_200004,2006,0.00302681306360692
1.0,Chondrichtyes-81_200538,2006,0.226490119968057
1.0,Echinoidea-81_290011,2006,0.0115828532376976
1.0,Pteriomorphia-81_290056,2006,0.00342931967933225
1.0,Squaliformes-81_300009,2006,0.0106011285692769
1.0,Clupeiformes-81_300028,2006,0.00266663579385203
1.0,Gadiformes-81_300044,2006,0.248218534903852
1.0,Scorpaeniformes-81_300059,2006,4.01232683797361e-4
1.0,Perciformes-81_300060,2006,0.00418527414807064
1.0,Pleuronectiformes-81_300061,2006,0.00290574309189537
1.0,Teuthida-81_390002,2006,14.2700093651893
1.0,Decapoda-81_390013,2006,2.99926163600996e-4
1.0,Lamnidae-81_400009,2006,1.18673302931195e-4
1.0,Carcharhinidae-81_400011,2006,7.17955167319814e-4
1.0,Clupeidae-81_400043,2006,0.136419795083941
1.0,Triglidae-81_400266,2006,0.0285292561266163
1.0,Sparidae-81_400330,2006,1.84057592837681
1.0,Mugilidae-81_400359,2006,0.00464496924422246
1.0,Scombridae-81_400416,2006,0.754413620779587
1.0,Peristediidae-81_400581,2006,0.00125973714196091
1.0,Centriscidae-81_400595,2006,0.00112488178487238
1.0,Ommastrephidae-81_490004,2006,0.0275177816419467
1.0,Isurus-81_500638,2006,0.116601130415497
1.0,Alopias-81_500639,2006,0.0360549278456516
1.0,Sphyrna-81_500693,2006,5.75387965489e-4
1.0,Carcharhinus-81_500816,2006,0.0219977996291801
1.0,Coryphaena_hippurus-81_600006,2006,0.0189987158195415
1.0,Acanthocybium_solandri-81_600089,2006,0.00376599167984172
1.0,Auxis_thazard-81_600094,2006,8.2379120706736e-4
1.0,Katsuwonus_pelamis-81_600107,2006,1.79185922981701
1.0,Thunnus_alalunga-81_600142,2006,213.875943933708
1.0,Thunnus_albacares-81_600143,2006,29.4473591854192
1.0,Thunnus_obesus-81_600146,2006,13.8486977526661
1.0,Istiompax_indica-81_600217,2006,0.209827818113344
1.0,Makaira_mazara-81_600218,2006,0.946075755583689
1.0,Kajikia_audax-81_600223,2006,11.4462223186816
1.0,Xiphias_gladius-81_600226,2006,22.8700264213397
1.0,Brama_brama-81_600391,2006,0.00355180638919579
1.0,Isurus_oxyrinchus-81_600752,2006,0.164357527475268
1.0,Mugil_cephalus-81_600785,2006,0.617250442414632
1.0,Carcharhinus_falciformis-81_600868,2006,0.0672790069761438
1.0,Carcharhinus_longimanus-81_600875,2006,0.0147428751564656
1.0,Prionace_glauca-81_600898,2006,0.841846406525613
1.0,Lampris_guttatus-81_601072,2006,2.53333366127485e-4
1.0,Mola_mola-81_601732,2006,3.69249088562605e-5
1.0,Antimora_rostrata-81_602005,2006,8.57019480747056e-4
1.0,Halargyreus_johnsonii-81_602012,2006,0.00249144243019131
1.0,Alopias_vulpinus-81_602535,2006,3.02885368113778e-4
1.0,Pagrus_auratus-81_606426,2006,0.164575978834031
1.0,Neocyttus_rhomboidalis-81_609146,2006,6.78022682505972e-4
1.0,Scylla_serrata-81_690190,2006,0.0191617263026978
1.0,Haliporoides_sibogae-81_690194,2006,0.664724548886176
1.0,Ranina_ranina-81_690883,2006,0.035581401508761
1.0,Marine_fishes_not_identified-71_100039,2007,789.198100470441
1.0,Miscellaneous_marine_crustaceans-71_100047,2007,6.01574716480659
1.0,Miscellaneous_aquatic_invertebrates-71_100077,2007,36.313322093448
1.0,Marine_pelagic_fishes_not_identified-71_100339,2007,0.188269238108783
1.0,Mollusca-71_190195,2007,31.8515231607107
1.0,Elasmobranchii-71_200004,2007,1.0950911739473
1.0,Chondrichtyes-71_200538,2007,108.038277760862
1.0,Cephalopoda-71_290002,2007,25.714427398424
1.0,Bivalvia-71_290004,2007,0.54382519621333
1.0,Gastropoda-71_290006,2007,0.721338490837097
1.0,Scyphozoa-71_290013,2007,0.0825960301159331
1.0,Pteriomorphia-71_290056,2007,0.00287185199627388
1.0,Lamniformes-71_300007,2007,1.32445347378198e-4
1.0,Carcharhiniformes-71_300008,2007,0.00130604322277525
1.0,Clupeiformes-71_300028,2007,0.0314918503242037
1.0,Scorpaeniformes-71_300059,2007,2.67749740081348
1.0,Perciformes-71_300060,2007,16.1250802680956
1.0,Batoidea-71_300063,2007,1.24611145707539
1.0,Teuthida-71_390002,2007,0.375814227675762
1.0,Decapoda-71_390013,2007,1.42152253059812
1.0,Carcharhinidae-71_400011,2007,50.9842836014425
1.0,Sphyrnidae-71_400012,2007,1.14097950640589
1.0,Clupeidae-71_400043,2007,2.83731065153552
1.0,Synodontidae-71_400160,2007,7.6691529688051
1.0,Berycidae-71_400240,2007,37.2177419354839
1.0,Holocentridae-71_400243,2007,0.0126498175512132
1.0,Triglidae-71_400266,2007,1.10528792750294
1.0,Serranidae-71_400289,2007,759.588035890936
1.0,Carangidae-71_400314,2007,181.808367612156
1.0,Lutjanidae-71_400323,2007,567.844490853634
1.0,Haemulidae-71_400327,2007,0.058303482628138
1.0,Lethrinidae-71_400328,2007,329.216342803861
1.0,Sparidae-71_400330,2007,3.17448045081901e-4
1.0,Sciaenidae-71_400331,2007,5.27371372640873
1.0,Mullidae-71_400332,2007,0.093676523317122
1.0,Mugilidae-71_400359,2007,449.312994440095
1.0,Sphyraenidae-71_400360,2007,234.954137635779
1.0,Labridae-71_400362,2007,39.9809426647932
1.0,Scaridae-71_400364,2007,44.0686440479883
1.0,Acanthuridae-71_400412,2007,0.042134372518978
1.0,Siganidae-71_400413,2007,0.163759753117974
1.0,Scombridae-71_400416,2007,1770.66894633701
1.0,Istiophoridae-71_400419,2007,4.1422937988048
1.0,Sepiidae-71_490011,2007,0.205842213043169
1.0,Octopodidae-71_490012,2007,0.541125116772014
1.0,Portunidae-71_490031,2007,7.20124762975793
1.0,Palinuridae-71_490039,2007,0.011549604361691
1.0,Penaeidae-71_490043,2007,0.298387096774194
1.0,Veneridae-71_490060,2007,8.28498193869198
1.0,Tridacnidae-71_490062,2007,24.400173928591
1.0,Holothuriidae-71_490132,2007,900.58064516129
1.0,Scomber-71_500142,2007,0.210440016972718
1.0,Siganus-71_500240,2007,114.678535344586
1.0,Epinephelus-71_500366,2007,0.0452060521854171
1.0,Sphyraena-71_500372,2007,0.0929857065950819
1.0,Caesio-71_500475,2007,1.09162799306492e-5
1.0,Scomberomorus-71_500487,2007,19.3697670757893
1.0,Isurus-71_500638,2007,6.90213670567696
1.0,Alopias-71_500639,2007,1.81915815533396
1.0,Scolopsis-71_500808,2007,2.94387014113466e-4
1.0,Carcharhinus-71_500816,2007,2.43069287828615
1.0,Chirocentrus-71_500856,2007,0.0203545339654955
1.0,Sillago-71_500891,2007,0.0316509868325667
1.0,Priacanthus-71_500912,2007,1.38091352220289
1.0,Seriola-71_500928,2007,0.0355177142270103
1.0,Etelis-71_501116,2007,0.00870753604638467
1.0,Lethrinus-71_501144,2007,0.0418961883591379
1.0,Auxis-71_501163,2007,0.332717714172774
1.0,Gymnocranius-71_503580,2007,67.941872288128
1.0,Hemiramphus-71_509289,2007,19.982902795755
1.0,Sepia-71_590011,2007,0.00150218516690621
1.0,Octopus-71_590013,2007,0.143027436361246
1.0,Crassostrea-71_590014,2007,0.00639255824277597
1.0,Panulirus-71_590083,2007,16.3363209633963
1.0,Penaeus-71_590096,2007,0.593883483399875
1.0,Modiolus-71_590116,2007,0.671691518531742
1.0,Coryphaena_hippurus-71_600006,2007,0.0541243159765463
1.0,Aphareus_rutilans-71_600083,2007,0.00549288644666853
1.0,Etelis_carbunculus-71_600087,2007,0.0352683476491831
1.0,Acanthocybium_solandri-71_600089,2007,0.0370183411538731
1.0,Katsuwonus_pelamis-71_600107,2007,41.7579483639013
1.0,Rastrelliger_kanagurta-71_600111,2007,143.699398583973
1.0,Scomberomorus_commerson-71_600121,2007,136.2168919945
1.0,Thunnus_alalunga-71_600142,2007,1666.8369399972
1.0,Thunnus_albacares-71_600143,2007,423.155391881051
1.0,Thunnus_obesus-71_600146,2007,75.5398520851925
1.0,Lutjanus_malabaricus-71_600162,2007,0.0994952128364944
1.0,Pristipomoides_filamentosus-71_600201,2007,0.0861087808574162
1.0,Pristipomoides_flavipinnis-71_600202,2007,0.00923872411293556
1.0,Pristipomoides_multidens-71_600208,2007,0.00761717631195562
1.0,Istiompax_indica-71_600217,2007,22.6180669925918
1.0,Makaira_mazara-71_600218,2007,40.2988433786915
1.0,Kajikia_audax-71_600223,2007,114.14595371618
1.0,Xiphias_gladius-71_600226,2007,50.0623322857232
1.0,Lutjanus_fulvus-71_600262,2007,0.00695717239222611
1.0,Lutjanus_gibbus-71_600265,2007,0.00552480014761317
1.0,Lactarius_lactarius-71_600363,2007,0.0353670100099966
1.0,Brama_brama-71_600391,2007,0.00419562832153
1.0,Pomadasys_argenteus-71_600399,2007,11.9897418991096
1.0,Elagatis_bipinnulata-71_600412,2007,0.0151883571954629
1.0,Isurus_oxyrinchus-71_600752,2007,6.56074902859887
1.0,Carcharhinus_falciformis-71_600868,2007,2.83975565615085
1.0,Carcharhinus_longimanus-71_600875,2007,0.952120388715038
1.0,Carcharhinus_plumbeus-71_600880,2007,0.00570321718728388
1.0,Prionace_glauca-71_600898,2007,37.5994088791276
1.0,Sphyrna_lewini-71_600912,2007,0.170257834560476
1.0,Acanthurus_lineatus-71_601258,2007,0.00144492219337802
1.0,Naso_lituratus-71_601264,2007,0.00276002317769134
1.0,Naso_unicornis-71_601265,2007,154.92873338534
1.0,Trichiurus_lepturus-71_601288,2007,0.149899209699405
1.0,Etelis_coruscans-71_601385,2007,0.0560941255587429
1.0,Pellona_ditchela-71_601641,2007,0.12915968796182
1.0,Lethrinus_nebulosus-71_601846,2007,1041.89932622807
1.0,Lethrinus_rubrioperculatus-71_601848,2007,67.2458354816764
1.0,Lethrinus_xanthochilus-71_601852,2007,150.314225127275
1.0,Plectropomus_leopardus-71_604826,2007,207.822197912214
1.0,Epinephelus_merra-71_604923,2007,0.00217004555561513
1.0,Epinephelus_morrhua-71_605353,2007,0.00165745172435824
1.0,Variola_louti-71_605354,2007,0.00968926624885317
1.0,Cheilinus_undulatus-71_605604,2007,1.16103578379345e-4
1.0,Chirocentrus_dorab-71_606358,2007,0.0257841185184539
1.0,Portunus_pelagicus-71_690055,2007,0.921331145504694
1.0,Scylla_serrata-71_690190,2007,106.241226386247
1.0,Panulirus_longipes-71_690228,2007,0.0590636268127755
1.0,Melicertus_latisulcatus-71_690432,2007,0.0557581563742437
1.0,Panulirus_penicillatus-71_690801,2007,0.0961096269655177
1.0,Panulirus_versicolor-71_690802,2007,0.0669953785279204
1.0,Ranina_ranina-71_690883,2007,0.788445586942819
1.0,Marine_fishes_not_identified-81_100039,2007,30.3149764089865
1.0,Marine_groundfishes_not_identified-81_100239,2007,9.65774662657348e-4
1.0,Marine_pelagic_fishes_not_identified-81_100339,2007,0.0167184140760738
1.0,Mollusca-81_190195,2007,6.40260311843184e-5
1.0,Elasmobranchii-81_200004,2007,0.00302681306360692
1.0,Chondrichtyes-81_200538,2007,0.226490119968057
1.0,Echinoidea-81_290011,2007,0.0115828532376976
1.0,Pteriomorphia-81_290056,2007,0.00342931967933225
1.0,Squaliformes-81_300009,2007,0.0106011285692769
1.0,Clupeiformes-81_300028,2007,0.00266663579385203
1.0,Gadiformes-81_300044,2007,0.248218534903852
1.0,Scorpaeniformes-81_300059,2007,4.01232683797361e-4
1.0,Perciformes-81_300060,2007,0.00418527414807064
1.0,Pleuronectiformes-81_300061,2007,0.00290574309189537
1.0,Teuthida-81_390002,2007,14.2700093651893
1.0,Decapoda-81_390013,2007,2.99926163600996e-4
1.0,Lamnidae-81_400009,2007,1.18673302931195e-4
1.0,Carcharhinidae-81_400011,2007,7.17955167319814e-4
1.0,Clupeidae-81_400043,2007,0.136419795083941
1.0,Triglidae-81_400266,2007,0.0285292561266163
1.0,Sparidae-81_400330,2007,1.84057592837681
1.0,Mugilidae-81_400359,2007,0.00464496924422246
1.0,Scombridae-81_400416,2007,0.754413620779587
1.0,Peristediidae-81_400581,2007,0.00125973714196091
1.0,Centriscidae-81_400595,2007,0.00112488178487238
1.0,Ommastrephidae-81_490004,2007,0.0275177816419467
1.0,Isurus-81_500638,2007,0.116601130415497
1.0,Alopias-81_500639,2007,0.0360549278456516
1.0,Sphyrna-81_500693,2007,5.75387965489e-4
1.0,Carcharhinus-81_500816,2007,0.0219977996291801
1.0,Coryphaena_hippurus-81_600006,2007,0.0189987158195415
1.0,Acanthocybium_solandri-81_600089,2007,0.00376599167984172
1.0,Auxis_thazard-81_600094,2007,8.2379120706736e-4
1.0,Katsuwonus_pelamis-81_600107,2007,1.79185922981701
1.0,Thunnus_alalunga-81_600142,2007,213.875943933708
1.0,Thunnus_albacares-81_600143,2007,29.4473591854192
1.0,Thunnus_obesus-81_600146,2007,13.8486977526661
1.0,Istiompax_indica-81_600217,2007,0.209827818113344
1.0,Makaira_mazara-81_600218,2007,0.946075755583689
1.0,Kajikia_audax-81_600223,2007,11.4462223186816
1.0,Xiphias_gladius-81_600226,2007,22.8700264213397
1.0,Brama_brama-81_600391,2007,0.00355180638919579
1.0,Isurus_oxyrinchus-81_600752,2007,0.164357527475268
1.0,Mugil_cephalus-81_600785,2007,0.617250442414632
1.0,Carcharhinus_falciformis-81_600868,2007,0.0672790069761438
1.0,Carcharhinus_longimanus-81_600875,2007,0.0147428751564656
1.0,Prionace_glauca-81_600898,2007,0.841846406525613
1.0,Lampris_guttatus-81_601072,2007,2.53333366127485e-4
1.0,Mola_mola-81_601732,2007,3.69249088562605e-5
1.0,Antimora_rostrata-81_602005,2007,8.57019480747056e-4
1.0,Halargyreus_johnsonii-81_602012,2007,0.00249144243019131
1.0,Alopias_vulpinus-81_602535,2007,3.02885368113778e-4
1.0,Pagrus_auratus-81_606426,2007,0.164575978834031
1.0,Neocyttus_rhomboidalis-81_609146,2007,6.78022682505972e-4
1.0,Scylla_serrata-81_690190,2007,0.0191617263026978
1.0,Haliporoides_sibogae-81_690194,2007,0.664724548886176
1.0,Ranina_ranina-81_690883,2007,0.035581401508761
1.0,Marine_fishes_not_identified-71_100039,2008,789.198100470441
1.0,Miscellaneous_marine_crustaceans-71_100047,2008,6.01574716480659
1.0,Miscellaneous_aquatic_invertebrates-71_100077,2008,36.313322093448
1.0,Marine_pelagic_fishes_not_identified-71_100339,2008,0.188269238108783
1.0,Mollusca-71_190195,2008,31.8515231607107
1.0,Elasmobranchii-71_200004,2008,1.0950911739473
1.0,Chondrichtyes-71_200538,2008,108.038277760862
1.0,Cephalopoda-71_290002,2008,25.714427398424
1.0,Bivalvia-71_290004,2008,0.54382519621333
1.0,Gastropoda-71_290006,2008,0.721338490837097
1.0,Scyphozoa-71_290013,2008,0.0825960301159331
1.0,Pteriomorphia-71_290056,2008,0.00287185199627388
1.0,Lamniformes-71_300007,2008,1.32445347378198e-4
1.0,Carcharhiniformes-71_300008,2008,0.00130604322277525
1.0,Clupeiformes-71_300028,2008,0.0314918503242037
1.0,Scombroidea-71_300036,2008,0.178572345066735
1.0,Scorpaeniformes-71_300059,2008,2.67749740081348
1.0,Perciformes-71_300060,2008,16.1250802680956
1.0,Batoidea-71_300063,2008,1.24611145707539
1.0,Teuthida-71_390002,2008,0.375814227675762
1.0,Decapoda-71_390013,2008,1.42152253059812
1.0,Carcharhinidae-71_400011,2008,50.9842836014425
1.0,Sphyrnidae-71_400012,2008,1.14097950640589
1.0,Clupeidae-71_400043,2008,2.83731065153552
1.0,Synodontidae-71_400160,2008,7.6691529688051
1.0,Berycidae-71_400240,2008,37.2177419354839
1.0,Holocentridae-71_400243,2008,0.0126498175512132
1.0,Triglidae-71_400266,2008,1.10528792750294
1.0,Serranidae-71_400289,2008,759.588035890936
1.0,Carangidae-71_400314,2008,181.808367612156
1.0,Lutjanidae-71_400323,2008,567.844490853634
1.0,Haemulidae-71_400327,2008,0.058303482628138
1.0,Lethrinidae-71_400328,2008,329.216342803861
1.0,Sparidae-71_400330,2008,3.17448045081901e-4
1.0,Sciaenidae-71_400331,2008,5.27371372640873
1.0,Mullidae-71_400332,2008,0.093676523317122
1.0,Mugilidae-71_400359,2008,449.312994440095
1.0,Sphyraenidae-71_400360,2008,234.954137635779
1.0,Labridae-71_400362,2008,39.9809426647932
1.0,Scaridae-71_400364,2008,44.0686440479883
1.0,Acanthuridae-71_400412,2008,0.042134372518978
1.0,Siganidae-71_400413,2008,0.163759753117974
1.0,Scombridae-71_400416,2008,1770.66894633701
1.0,Istiophoridae-71_400419,2008,4.1422937988048
1.0,Sepiidae-71_490011,2008,0.205842213043169
1.0,Octopodidae-71_490012,2008,0.541125116772014
1.0,Portunidae-71_490031,2008,7.20124762975793
1.0,Palinuridae-71_490039,2008,0.011549604361691
1.0,Penaeidae-71_490043,2008,0.298387096774194
1.0,Veneridae-71_490060,2008,8.28498193869198
1.0,Tridacnidae-71_490062,2008,24.400173928591
1.0,Holothuriidae-71_490132,2008,900.58064516129
1.0,Scomber-71_500142,2008,0.210440016972718
1.0,Siganus-71_500240,2008,114.678535344586
1.0,Epinephelus-71_500366,2008,0.0452060521854171
1.0,Sphyraena-71_500372,2008,0.0929857065950819
1.0,Caesio-71_500475,2008,1.09162799306492e-5
1.0,Scomberomorus-71_500487,2008,19.3697670757893
1.0,Isurus-71_500638,2008,6.90213670567696
1.0,Alopias-71_500639,2008,1.81915815533396
1.0,Scolopsis-71_500808,2008,2.94387014113466e-4
1.0,Carcharhinus-71_500816,2008,2.43069287828615
1.0,Chirocentrus-71_500856,2008,0.0203545339654955
1.0,Sillago-71_500891,2008,0.0316509868325667
1.0,Priacanthus-71_500912,2008,1.38091352220289
1.0,Seriola-71_500928,2008,0.0355177142270103
1.0,Etelis-71_501116,2008,0.00870753604638467
1.0,Lethrinus-71_501144,2008,0.0418961883591379
1.0,Auxis-71_501163,2008,0.332717714172774
1.0,Gymnocranius-71_503580,2008,67.941872288128
1.0,Hemiramphus-71_509289,2008,19.982902795755
1.0,Sepia-71_590011,2008,0.00150218516690621
1.0,Octopus-71_590013,2008,0.143027436361246
1.0,Crassostrea-71_590014,2008,0.00639255824277597
1.0,Panulirus-71_590083,2008,16.3363209633963
1.0,Penaeus-71_590096,2008,0.593883483399875
1.0,Modiolus-71_590116,2008,0.671691518531742
1.0,Coryphaena_hippurus-71_600006,2008,0.0541243159765463
1.0,Aphareus_rutilans-71_600083,2008,0.00549288644666853
1.0,Etelis_carbunculus-71_600087,2008,0.0352683476491831
1.0,Acanthocybium_solandri-71_600089,2008,0.0370183411538731
1.0,Katsuwonus_pelamis-71_600107,2008,41.7579483639013
1.0,Rastrelliger_kanagurta-71_600111,2008,143.699398583973
1.0,Scomberomorus_commerson-71_600121,2008,136.2168919945
1.0,Thunnus_alalunga-71_600142,2008,1666.8369399972
1.0,Thunnus_albacares-71_600143,2008,423.155391881051
1.0,Thunnus_obesus-71_600146,2008,75.5398520851925
1.0,Lutjanus_malabaricus-71_600162,2008,0.0994952128364944
1.0,Pristipomoides_filamentosus-71_600201,2008,0.0861087808574162
1.0,Pristipomoides_flavipinnis-71_600202,2008,0.00923872411293556
1.0,Pristipomoides_multidens-71_600208,2008,0.00761717631195562
1.0,Istiompax_indica-71_600217,2008,22.6180669925918
1.0,Makaira_mazara-71_600218,2008,40.2988433786915
1.0,Kajikia_audax-71_600223,2008,114.14595371618
1.0,Xiphias_gladius-71_600226,2008,50.0623322857232
1.0,Lutjanus_fulvus-71_600262,2008,0.00695717239222611
1.0,Lutjanus_gibbus-71_600265,2008,0.00552480014761317
1.0,Lactarius_lactarius-71_600363,2008,0.0353670100099966
1.0,Brama_brama-71_600391,2008,0.00419562832153
1.0,Pomadasys_argenteus-71_600399,2008,11.9897418991096
1.0,Elagatis_bipinnulata-71_600412,2008,0.0151883571954629
1.0,Isurus_oxyrinchus-71_600752,2008,6.56074902859887
1.0,Carcharhinus_falciformis-71_600868,2008,2.83975565615085
1.0,Carcharhinus_longimanus-71_600875,2008,0.952120388715038
1.0,Carcharhinus_plumbeus-71_600880,2008,0.00570321718728388
1.0,Prionace_glauca-71_600898,2008,37.5994088791276
1.0,Sphyrna_lewini-71_600912,2008,0.170257834560476
1.0,Acanthurus_lineatus-71_601258,2008,0.00144492219337802
1.0,Naso_lituratus-71_601264,2008,0.00276002317769134
1.0,Naso_unicornis-71_601265,2008,154.92873338534
1.0,Trichiurus_lepturus-71_601288,2008,0.149899209699405
1.0,Etelis_coruscans-71_601385,2008,0.0560941255587429
1.0,Pellona_ditchela-71_601641,2008,0.12915968796182
1.0,Lethrinus_nebulosus-71_601846,2008,1041.89932622807
1.0,Lethrinus_rubrioperculatus-71_601848,2008,67.2458354816764
1.0,Lethrinus_xanthochilus-71_601852,2008,150.314225127275
1.0,Plectropomus_leopardus-71_604826,2008,207.822197912214
1.0,Epinephelus_merra-71_604923,2008,0.00217004555561513
1.0,Epinephelus_morrhua-71_605353,2008,0.00165745172435824
1.0,Variola_louti-71_605354,2008,0.00968926624885317
1.0,Cheilinus_undulatus-71_605604,2008,1.16103578379345e-4
1.0,Chirocentrus_dorab-71_606358,2008,0.0257841185184539
1.0,Portunus_pelagicus-71_690055,2008,0.921331145504694
1.0,Scylla_serrata-71_690190,2008,106.241226386247
1.0,Panulirus_longipes-71_690228,2008,0.0590636268127755
1.0,Melicertus_latisulcatus-71_690432,2008,0.0557581563742437
1.0,Panulirus_penicillatus-71_690801,2008,0.0961096269655177
1.0,Panulirus_versicolor-71_690802,2008,0.0669953785279204
1.0,Ranina_ranina-71_690883,2008,0.788445586942819
1.0,Marine_fishes_not_identified-81_100039,2008,30.3149764089865
1.0,Marine_groundfishes_not_identified-81_100239,2008,9.65774662657348e-4
1.0,Marine_pelagic_fishes_not_identified-81_100339,2008,0.0167184140760738
1.0,Mollusca-81_190195,2008,6.40260311843184e-5
1.0,Elasmobranchii-81_200004,2008,0.00302681306360692
1.0,Chondrichtyes-81_200538,2008,0.226490119968057
1.0,Echinoidea-81_290011,2008,0.0115828532376976
1.0,Pteriomorphia-81_290056,2008,0.00342931967933225
1.0,Squaliformes-81_300009,2008,0.0106011285692769
1.0,Clupeiformes-81_300028,2008,0.00266663579385203
1.0,Gadiformes-81_300044,2008,0.248218534903852
1.0,Scorpaeniformes-81_300059,2008,4.01232683797361e-4
1.0,Perciformes-81_300060,2008,0.00418527414807064
1.0,Pleuronectiformes-81_300061,2008,0.00290574309189537
1.0,Teuthida-81_390002,2008,14.2700093651893
1.0,Decapoda-81_390013,2008,2.99926163600996e-4
1.0,Lamnidae-81_400009,2008,1.18673302931195e-4
1.0,Carcharhinidae-81_400011,2008,7.17955167319814e-4
1.0,Clupeidae-81_400043,2008,0.136419795083941
1.0,Triglidae-81_400266,2008,0.0285292561266163
1.0,Sparidae-81_400330,2008,1.84057592837681
1.0,Mugilidae-81_400359,2008,0.00464496924422246
1.0,Scombridae-81_400416,2008,0.754413620779587
1.0,Peristediidae-81_400581,2008,0.00125973714196091
1.0,Centriscidae-81_400595,2008,0.00112488178487238
1.0,Ommastrephidae-81_490004,2008,0.0275177816419467
1.0,Isurus-81_500638,2008,0.116601130415497
1.0,Alopias-81_500639,2008,0.0360549278456516
1.0,Sphyrna-81_500693,2008,5.75387965489e-4
1.0,Carcharhinus-81_500816,2008,0.0219977996291801
1.0,Coryphaena_hippurus-81_600006,2008,0.0189987158195415
1.0,Acanthocybium_solandri-81_600089,2008,0.00376599167984172
1.0,Auxis_thazard-81_600094,2008,8.2379120706736e-4
1.0,Katsuwonus_pelamis-81_600107,2008,1.79185922981701
1.0,Thunnus_alalunga-81_600142,2008,213.875943933708
1.0,Thunnus_albacares-81_600143,2008,29.4473591854192
1.0,Thunnus_obesus-81_600146,2008,13.8486977526661
1.0,Istiompax_indica-81_600217,2008,0.209827818113344
1.0,Makaira_mazara-81_600218,2008,0.946075755583689
1.0,Kajikia_audax-81_600223,2008,11.4462223186816
1.0,Xiphias_gladius-81_600226,2008,22.8700264213397
1.0,Brama_brama-81_600391,2008,0.00355180638919579
1.0,Isurus_oxyrinchus-81_600752,2008,0.164357527475268
1.0,Mugil_cephalus-81_600785,2008,0.617250442414632
1.0,Carcharhinus_falciformis-81_600868,2008,0.0672790069761438
1.0,Carcharhinus_longimanus-81_600875,2008,0.0147428751564656
1.0,Prionace_glauca-81_600898,2008,0.841846406525613
1.0,Lampris_guttatus-81_601072,2008,2.53333366127485e-4
1.0,Mola_mola-81_601732,2008,3.69249088562605e-5
1.0,Antimora_rostrata-81_602005,2008,8.57019480747056e-4
1.0,Halargyreus_johnsonii-81_602012,2008,0.00249144243019131
1.0,Alopias_vulpinus-81_602535,2008,3.02885368113778e-4
1.0,Pagrus_auratus-81_606426,2008,0.164575978834031
1.0,Neocyttus_rhomboidalis-81_609146,2008,6.78022682505972e-4
1.0,Scylla_serrata-81_690190,2008,0.0191617263026978
1.0,Haliporoides_sibogae-81_690194,2008,0.664724548886176
1.0,Ranina_ranina-81_690883,2008,0.035581401508761
1.0,Marine_fishes_not_identified-71_100039,2009,789.198100470441
1.0,Miscellaneous_marine_crustaceans-71_100047,2009,6.01574716480659
1.0,Miscellaneous_aquatic_invertebrates-71_100077,2009,36.313322093448
1.0,Marine_pelagic_fishes_not_identified-71_100339,2009,0.188269238108783
1.0,Mollusca-71_190195,2009,31.8515231607107
1.0,Elasmobranchii-71_200004,2009,1.0950911739473
1.0,Chondrichtyes-71_200538,2009,108.038277760862
1.0,Cephalopoda-71_290002,2009,25.714427398424
1.0,Bivalvia-71_290004,2009,0.54382519621333
1.0,Gastropoda-71_290006,2009,0.721338490837097
1.0,Scyphozoa-71_290013,2009,0.0825960301159331
1.0,Pteriomorphia-71_290056,2009,0.00287185199627388
1.0,Lamniformes-71_300007,2009,1.32445347378198e-4
1.0,Carcharhiniformes-71_300008,2009,0.00130604322277525
1.0,Clupeiformes-71_300028,2009,0.0314918503242037
1.0,Scombroidea-71_300036,2009,0.178572345066735
1.0,Scorpaeniformes-71_300059,2009,2.67749740081348
1.0,Perciformes-71_300060,2009,16.1250802680956
1.0,Batoidea-71_300063,2009,1.24611145707539
1.0,Teuthida-71_390002,2009,0.375814227675762
1.0,Decapoda-71_390013,2009,1.42152253059812
1.0,Carcharhinidae-71_400011,2009,50.9842836014425
1.0,Sphyrnidae-71_400012,2009,1.14097950640589
1.0,Clupeidae-71_400043,2009,2.83731065153552
1.0,Synodontidae-71_400160,2009,7.6691529688051
1.0,Berycidae-71_400240,2009,37.2177419354839
1.0,Holocentridae-71_400243,2009,0.0126498175512132
1.0,Triglidae-71_400266,2009,1.10528792750294
1.0,Serranidae-71_400289,2009,759.588035890936
1.0,Carangidae-71_400314,2009,181.808367612156
1.0,Lutjanidae-71_400323,2009,567.844490853634
1.0,Haemulidae-71_400327,2009,0.058303482628138
1.0,Lethrinidae-71_400328,2009,329.216342803861
1.0,Sparidae-71_400330,2009,3.17448045081901e-4
1.0,Sciaenidae-71_400331,2009,5.27371372640873
1.0,Mullidae-71_400332,2009,0.093676523317122
1.0,Mugilidae-71_400359,2009,449.312994440095
1.0,Sphyraenidae-71_400360,2009,234.954137635779
1.0,Labridae-71_400362,2009,39.9809426647932
1.0,Scaridae-71_400364,2009,44.0686440479883
1.0,Acanthuridae-71_400412,2009,0.042134372518978
1.0,Siganidae-71_400413,2009,0.163759753117974
1.0,Scombridae-71_400416,2009,1770.66894633701
1.0,Istiophoridae-71_400419,2009,4.1422937988048
1.0,Sepiidae-71_490011,2009,0.205842213043169
1.0,Octopodidae-71_490012,2009,0.541125116772014
1.0,Portunidae-71_490031,2009,7.20124762975793
1.0,Palinuridae-71_490039,2009,0.011549604361691
1.0,Penaeidae-71_490043,2009,0.298387096774194
1.0,Veneridae-71_490060,2009,8.28498193869198
1.0,Tridacnidae-71_490062,2009,24.400173928591
1.0,Holothuriidae-71_490132,2009,900.58064516129
1.0,Scomber-71_500142,2009,0.210440016972718
1.0,Siganus-71_500240,2009,114.678535344586
1.0,Epinephelus-71_500366,2009,0.0452060521854171
1.0,Sphyraena-71_500372,2009,0.0929857065950819
1.0,Caesio-71_500475,2009,1.09162799306492e-5
1.0,Scomberomorus-71_500487,2009,19.3697670757893
1.0,Isurus-71_500638,2009,6.90213670567696
1.0,Alopias-71_500639,2009,1.81915815533396
1.0,Scolopsis-71_500808,2009,2.94387014113466e-4
1.0,Carcharhinus-71_500816,2009,2.43069287828615
1.0,Chirocentrus-71_500856,2009,0.0203545339654955
1.0,Sillago-71_500891,2009,0.0316509868325667
1.0,Priacanthus-71_500912,2009,1.38091352220289
1.0,Seriola-71_500928,2009,0.0355177142270103
1.0,Etelis-71_501116,2009,0.00870753604638467
1.0,Lethrinus-71_501144,2009,0.0418961883591379
1.0,Auxis-71_501163,2009,0.332717714172774
1.0,Gymnocranius-71_503580,2009,67.941872288128
1.0,Hemiramphus-71_509289,2009,19.982902795755
1.0,Sepia-71_590011,2009,0.00150218516690621
1.0,Octopus-71_590013,2009,0.143027436361246
1.0,Crassostrea-71_590014,2009,0.00639255824277597
1.0,Panulirus-71_590083,2009,16.3363209633963
1.0,Penaeus-71_590096,2009,0.593883483399875
1.0,Modiolus-71_590116,2009,0.671691518531742
1.0,Coryphaena_hippurus-71_600006,2009,0.0541243159765463
1.0,Aphareus_rutilans-71_600083,2009,0.00549288644666853
1.0,Etelis_carbunculus-71_600087,2009,0.0352683476491831
1.0,Acanthocybium_solandri-71_600089,2009,0.0370183411538731
1.0,Katsuwonus_pelamis-71_600107,2009,41.7579483639013
1.0,Rastrelliger_kanagurta-71_600111,2009,143.699398583973
1.0,Scomberomorus_commerson-71_600121,2009,136.2168919945
1.0,Thunnus_alalunga-71_600142,2009,1666.8369399972
1.0,Thunnus_albacares-71_600143,2009,423.155391881051
1.0,Thunnus_obesus-71_600146,2009,75.5398520851925
1.0,Lutjanus_malabaricus-71_600162,2009,0.0994952128364944
1.0,Pristipomoides_filamentosus-71_600201,2009,0.0861087808574162
1.0,Pristipomoides_flavipinnis-71_600202,2009,0.00923872411293556
1.0,Pristipomoides_multidens-71_600208,2009,0.00761717631195562
1.0,Istiompax_indica-71_600217,2009,22.6180669925918
1.0,Makaira_mazara-71_600218,2009,40.2988433786915
1.0,Kajikia_audax-71_600223,2009,114.14595371618
1.0,Xiphias_gladius-71_600226,2009,50.0623322857232
1.0,Lutjanus_fulvus-71_600262,2009,0.00695717239222611
1.0,Lutjanus_gibbus-71_600265,2009,0.00552480014761317
1.0,Lactarius_lactarius-71_600363,2009,0.0353670100099966
1.0,Brama_brama-71_600391,2009,0.00419562832153
1.0,Pomadasys_argenteus-71_600399,2009,11.9897418991096
1.0,Elagatis_bipinnulata-71_600412,2009,0.0151883571954629
1.0,Isurus_oxyrinchus-71_600752,2009,6.56074902859887
1.0,Carcharhinus_falciformis-71_600868,2009,2.83975565615085
1.0,Carcharhinus_longimanus-71_600875,2009,0.952120388715038
1.0,Carcharhinus_plumbeus-71_600880,2009,0.00570321718728388
1.0,Prionace_glauca-71_600898,2009,37.5994088791276
1.0,Sphyrna_lewini-71_600912,2009,0.170257834560476
1.0,Acanthurus_lineatus-71_601258,2009,0.00144492219337802
1.0,Naso_lituratus-71_601264,2009,0.00276002317769134
1.0,Naso_unicornis-71_601265,2009,154.92873338534
1.0,Trichiurus_lepturus-71_601288,2009,0.149899209699405
1.0,Etelis_coruscans-71_601385,2009,0.0560941255587429
1.0,Pellona_ditchela-71_601641,2009,0.12915968796182
1.0,Lethrinus_nebulosus-71_601846,2009,1041.89932622807
1.0,Lethrinus_rubrioperculatus-71_601848,2009,67.2458354816764
1.0,Lethrinus_xanthochilus-71_601852,2009,150.314225127275
1.0,Plectropomus_leopardus-71_604826,2009,207.822197912214
1.0,Epinephelus_merra-71_604923,2009,0.00217004555561513
1.0,Epinephelus_morrhua-71_605353,2009,0.00165745172435824
1.0,Variola_louti-71_605354,2009,0.00968926624885317
1.0,Cheilinus_undulatus-71_605604,2009,1.16103578379345e-4
1.0,Chirocentrus_dorab-71_606358,2009,0.0257841185184539
1.0,Portunus_pelagicus-71_690055,2009,0.921331145504694
1.0,Scylla_serrata-71_690190,2009,106.241226386247
1.0,Panulirus_longipes-71_690228,2009,0.0590636268127755
1.0,Melicertus_latisulcatus-71_690432,2009,0.0557581563742437
1.0,Panulirus_penicillatus-71_690801,2009,0.0961096269655177
1.0,Panulirus_versicolor-71_690802,2009,0.0669953785279204
1.0,Ranina_ranina-71_690883,2009,0.788445586942819
1.0,Marine_fishes_not_identified-81_100039,2009,30.3149764089865
1.0,Marine_groundfishes_not_identified-81_100239,2009,9.65774662657348e-4
1.0,Marine_pelagic_fishes_not_identified-81_100339,2009,0.0167184140760738
1.0,Mollusca-81_190195,2009,6.40260311843184e-5
1.0,Elasmobranchii-81_200004,2009,0.00302681306360692
1.0,Chondrichtyes-81_200538,2009,0.226490119968057
1.0,Echinoidea-81_290011,2009,0.0115828532376976
1.0,Pteriomorphia-81_290056,2009,0.00342931967933225
1.0,Squaliformes-81_300009,2009,0.0106011285692769
1.0,Clupeiformes-81_300028,2009,0.00266663579385203
1.0,Gadiformes-81_300044,2009,0.248218534903852
1.0,Scorpaeniformes-81_300059,2009,4.01232683797361e-4
1.0,Perciformes-81_300060,2009,0.00418527414807064
1.0,Pleuronectiformes-81_300061,2009,0.00290574309189537
1.0,Teuthida-81_390002,2009,14.2700093651893
1.0,Decapoda-81_390013,2009,2.99926163600996e-4
1.0,Lamnidae-81_400009,2009,1.18673302931195e-4
1.0,Carcharhinidae-81_400011,2009,7.17955167319814e-4
1.0,Clupeidae-81_400043,2009,0.136419795083941
1.0,Triglidae-81_400266,2009,0.0285292561266163
1.0,Sparidae-81_400330,2009,1.84057592837681
1.0,Mugilidae-81_400359,2009,0.00464496924422246
1.0,Scombridae-81_400416,2009,0.754413620779587
1.0,Peristediidae-81_400581,2009,0.00125973714196091
1.0,Centriscidae-81_400595,2009,0.00112488178487238
1.0,Ommastrephidae-81_490004,2009,0.0275177816419467
1.0,Isurus-81_500638,2009,0.116601130415497
1.0,Alopias-81_500639,2009,0.0360549278456516
1.0,Sphyrna-81_500693,2009,5.75387965489e-4
1.0,Carcharhinus-81_500816,2009,0.0219977996291801
1.0,Coryphaena_hippurus-81_600006,2009,0.0189987158195415
1.0,Acanthocybium_solandri-81_600089,2009,0.00376599167984172
1.0,Auxis_thazard-81_600094,2009,8.2379120706736e-4
1.0,Katsuwonus_pelamis-81_600107,2009,1.79185922981701
1.0,Thunnus_alalunga-81_600142,2009,213.875943933708
1.0,Thunnus_albacares-81_600143,2009,29.4473591854192
1.0,Thunnus_obesus-81_600146,2009,13.8486977526661
1.0,Istiompax_indica-81_600217,2009,0.209827818113344
1.0,Makaira_mazara-81_600218,2009,0.946075755583689
1.0,Kajikia_audax-81_600223,2009,11.4462223186816
1.0,Xiphias_gladius-81_600226,2009,22.8700264213397
1.0,Brama_brama-81_600391,2009,0.00355180638919579
1.0,Isurus_oxyrinchus-81_600752,2009,0.164357527475268
1.0,Mugil_cephalus-81_600785,2009,0.617250442414632
1.0,Carcharhinus_falciformis-81_600868,2009,0.0672790069761438
1.0,Carcharhinus_longimanus-81_600875,2009,0.0147428751564656
1.0,Prionace_glauca-81_600898,2009,0.841846406525613
1.0,Lampris_guttatus-81_601072,2009,2.53333366127485e-4
1.0,Mola_mola-81_601732,2009,3.69249088562605e-5
1.0,Antimora_rostrata-81_602005,2009,8.57019480747056e-4
1.0,Halargyreus_johnsonii-81_602012,2009,0.00249144243019131
1.0,Alopias_vulpinus-81_602535,2009,3.02885368113778e-4
1.0,Pagrus_auratus-81_606426,2009,0.164575978834031
1.0,Neocyttus_rhomboidalis-81_609146,2009,6.78022682505972e-4
1.0,Scylla_serrata-81_690190,2009,0.0191617263026978
1.0,Haliporoides_sibogae-81_690194,2009,0.664724548886176
1.0,Ranina_ranina-81_690883,2009,0.035581401508761
1.0,Marine_fishes_not_identified-71_100039,2010,789.198100470441
1.0,Miscellaneous_marine_crustaceans-71_100047,2010,6.01574716480659
1.0,Miscellaneous_aquatic_invertebrates-71_100077,2010,36.313322093448
1.0,Marine_pelagic_fishes_not_identified-71_100339,2010,0.188269238108783
1.0,Mollusca-71_190195,2010,31.8515231607107
1.0,Elasmobranchii-71_200004,2010,1.0950911739473
1.0,Chondrichtyes-71_200538,2010,108.038277760862
1.0,Cephalopoda-71_290002,2010,25.714427398424
1.0,Bivalvia-71_290004,2010,0.54382519621333
1.0,Gastropoda-71_290006,2010,0.721338490837097
1.0,Scyphozoa-71_290013,2010,0.0825960301159331
1.0,Pteriomorphia-71_290056,2010,0.00287185199627388
1.0,Lamniformes-71_300007,2010,1.32445347378198e-4
1.0,Carcharhiniformes-71_300008,2010,0.00130604322277525
1.0,Clupeiformes-71_300028,2010,0.0314918503242037
1.0,Scombroidea-71_300036,2010,0.178572345066735
1.0,Scorpaeniformes-71_300059,2010,2.67749740081348
1.0,Perciformes-71_300060,2010,16.1250802680956
1.0,Batoidea-71_300063,2010,1.24611145707539
1.0,Teuthida-71_390002,2010,0.375814227675762
1.0,Decapoda-71_390013,2010,1.42152253059812
1.0,Carcharhinidae-71_400011,2010,50.9842836014425
1.0,Sphyrnidae-71_400012,2010,1.14097950640589
1.0,Clupeidae-71_400043,2010,2.83731065153552
1.0,Synodontidae-71_400160,2010,7.6691529688051
1.0,Berycidae-71_400240,2010,37.2177419354839
1.0,Holocentridae-71_400243,2010,0.0126498175512132
1.0,Triglidae-71_400266,2010,1.10528792750294
1.0,Serranidae-71_400289,2010,759.588035890936
1.0,Carangidae-71_400314,2010,181.808367612156
1.0,Lutjanidae-71_400323,2010,567.844490853634
1.0,Haemulidae-71_400327,2010,0.058303482628138
1.0,Lethrinidae-71_400328,2010,329.216342803861
1.0,Sparidae-71_400330,2010,3.17448045081901e-4
1.0,Sciaenidae-71_400331,2010,5.27371372640873
1.0,Mullidae-71_400332,2010,0.093676523317122
1.0,Mugilidae-71_400359,2010,449.312994440095
1.0,Sphyraenidae-71_400360,2010,234.954137635779
1.0,Labridae-71_400362,2010,39.9809426647932
1.0,Scaridae-71_400364,2010,44.0686440479883
1.0,Acanthuridae-71_400412,2010,0.042134372518978
1.0,Siganidae-71_400413,2010,0.163759753117974
1.0,Scombridae-71_400416,2010,1770.66894633701
1.0,Istiophoridae-71_400419,2010,4.1422937988048
1.0,Sepiidae-71_490011,2010,0.205842213043169
1.0,Octopodidae-71_490012,2010,0.541125116772014
1.0,Portunidae-71_490031,2010,7.20124762975793
1.0,Palinuridae-71_490039,2010,0.011549604361691
1.0,Penaeidae-71_490043,2010,0.298387096774194
1.0,Veneridae-71_490060,2010,8.28498193869198
1.0,Tridacnidae-71_490062,2010,24.400173928591
1.0,Holothuriidae-71_490132,2010,900.58064516129
1.0,Scomber-71_500142,2010,0.210440016972718
1.0,Siganus-71_500240,2010,114.678535344586
1.0,Epinephelus-71_500366,2010,0.0452060521854171
1.0,Sphyraena-71_500372,2010,0.0929857065950819
1.0,Caesio-71_500475,2010,1.09162799306492e-5
1.0,Scomberomorus-71_500487,2010,19.3697670757893
1.0,Isurus-71_500638,2010,6.90213670567696
1.0,Alopias-71_500639,2010,1.81915815533396
1.0,Scolopsis-71_500808,2010,2.94387014113466e-4
1.0,Carcharhinus-71_500816,2010,2.43069287828615
1.0,Chirocentrus-71_500856,2010,0.0203545339654955
1.0,Sillago-71_500891,2010,0.0316509868325667
1.0,Priacanthus-71_500912,2010,1.38091352220289
1.0,Seriola-71_500928,2010,0.0355177142270103
1.0,Etelis-71_501116,2010,0.00870753604638467
1.0,Lethrinus-71_501144,2010,0.0418961883591379
1.0,Auxis-71_501163,2010,0.332717714172774
1.0,Gymnocranius-71_503580,2010,67.941872288128
1.0,Hemiramphus-71_509289,2010,19.982902795755
1.0,Sepia-71_590011,2010,0.00150218516690621
1.0,Octopus-71_590013,2010,0.143027436361246
1.0,Crassostrea-71_590014,2010,0.00639255824277597
1.0,Panulirus-71_590083,2010,16.3363209633963
1.0,Penaeus-71_590096,2010,0.593883483399875
1.0,Modiolus-71_590116,2010,0.671691518531742
1.0,Coryphaena_hippurus-71_600006,2010,0.0541243159765463
1.0,Aphareus_rutilans-71_600083,2010,0.00549288644666853
1.0,Etelis_carbunculus-71_600087,2010,0.0352683476491831
1.0,Acanthocybium_solandri-71_600089,2010,0.0370183411538731
1.0,Katsuwonus_pelamis-71_600107,2010,41.7579483639013
1.0,Rastrelliger_kanagurta-71_600111,2010,143.699398583973
1.0,Scomberomorus_commerson-71_600121,2010,136.2168919945
1.0,Thunnus_alalunga-71_600142,2010,1666.8369399972
1.0,Thunnus_albacares-71_600143,2010,423.155391881051
1.0,Thunnus_obesus-71_600146,2010,75.5398520851925
1.0,Lutjanus_malabaricus-71_600162,2010,0.0994952128364944
1.0,Pristipomoides_filamentosus-71_600201,2010,0.0861087808574162
1.0,Pristipomoides_flavipinnis-71_600202,2010,0.00923872411293556
1.0,Pristipomoides_multidens-71_600208,2010,0.00761717631195562
1.0,Istiompax_indica-71_600217,2010,22.6180669925918
1.0,Makaira_mazara-71_600218,2010,40.2988433786915
1.0,Kajikia_audax-71_600223,2010,114.14595371618
1.0,Xiphias_gladius-71_600226,2010,50.0623322857232
1.0,Lutjanus_fulvus-71_600262,2010,0.00695717239222611
1.0,Lutjanus_gibbus-71_600265,2010,0.00552480014761317
1.0,Lactarius_lactarius-71_600363,2010,0.0353670100099966
1.0,Brama_brama-71_600391,2010,0.00419562832153
1.0,Pomadasys_argenteus-71_600399,2010,11.9897418991096
1.0,Elagatis_bipinnulata-71_600412,2010,0.0151883571954629
1.0,Isurus_oxyrinchus-71_600752,2010,6.56074902859887
1.0,Carcharhinus_falciformis-71_600868,2010,2.83975565615085
1.0,Carcharhinus_longimanus-71_600875,2010,0.952120388715038
1.0,Carcharhinus_plumbeus-71_600880,2010,0.00570321718728388
1.0,Prionace_glauca-71_600898,2010,37.5994088791276
1.0,Sphyrna_lewini-71_600912,2010,0.170257834560476
1.0,Acanthurus_lineatus-71_601258,2010,0.00144492219337802
1.0,Naso_lituratus-71_601264,2010,0.00276002317769134
1.0,Naso_unicornis-71_601265,2010,154.92873338534
1.0,Trichiurus_lepturus-71_601288,2010,0.149899209699405
1.0,Etelis_coruscans-71_601385,2010,0.0560941255587429
1.0,Pellona_ditchela-71_601641,2010,0.12915968796182
1.0,Lethrinus_nebulosus-71_601846,2010,1041.89932622807
1.0,Lethrinus_rubrioperculatus-71_601848,2010,67.2458354816764
1.0,Lethrinus_xanthochilus-71_601852,2010,150.314225127275
1.0,Plectropomus_leopardus-71_604826,2010,207.822197912214
1.0,Epinephelus_merra-71_604923,2010,0.00217004555561513
1.0,Epinephelus_morrhua-71_605353,2010,0.00165745172435824
1.0,Variola_louti-71_605354,2010,0.00968926624885317
1.0,Cheilinus_undulatus-71_605604,2010,1.16103578379345e-4
1.0,Chirocentrus_dorab-71_606358,2010,0.0257841185184539
1.0,Portunus_pelagicus-71_690055,2010,0.921331145504694
1.0,Scylla_serrata-71_690190,2010,106.241226386247
1.0,Panulirus_longipes-71_690228,2010,0.0590636268127755
1.0,Melicertus_latisulcatus-71_690432,2010,0.0557581563742437
1.0,Panulirus_penicillatus-71_690801,2010,0.0961096269655177
1.0,Panulirus_versicolor-71_690802,2010,0.0669953785279204
1.0,Ranina_ranina-71_690883,2010,0.788445586942819
1.0,Marine_fishes_not_identified-81_100039,2010,30.3149764089865
1.0,Marine_groundfishes_not_identified-81_100239,2010,9.65774662657348e-4
1.0,Marine_pelagic_fishes_not_identified-81_100339,2010,0.0167184140760738
1.0,Mollusca-81_190195,2010,6.40260311843184e-5
1.0,Elasmobranchii-81_200004,2010,0.00302681306360692
1.0,Chondrichtyes-81_200538,2010,0.226490119968057
1.0,Echinoidea-81_290011,2010,0.0115828532376976
1.0,Pteriomorphia-81_290056,2010,0.00342931967933225
1.0,Squaliformes-81_300009,2010,0.0106011285692769
1.0,Clupeiformes-81_300028,2010,0.00266663579385203
1.0,Gadiformes-81_300044,2010,0.248218534903852
1.0,Scorpaeniformes-81_300059,2010,4.01232683797361e-4
1.0,Perciformes-81_300060,2010,0.00418527414807064
1.0,Pleuronectiformes-81_300061,2010,0.00290574309189537
1.0,Teuthida-81_390002,2010,14.2700093651893
1.0,Decapoda-81_390013,2010,2.99926163600996e-4
1.0,Lamnidae-81_400009,2010,1.18673302931195e-4
1.0,Carcharhinidae-81_400011,2010,7.17955167319814e-4
1.0,Clupeidae-81_400043,2010,0.136419795083941
1.0,Triglidae-81_400266,2010,0.0285292561266163
1.0,Sparidae-81_400330,2010,1.84057592837681
1.0,Mugilidae-81_400359,2010,0.00464496924422246
1.0,Scombridae-81_400416,2010,0.754413620779587
1.0,Peristediidae-81_400581,2010,0.00125973714196091
1.0,Centriscidae-81_400595,2010,0.00112488178487238
1.0,Ommastrephidae-81_490004,2010,0.0275177816419467
1.0,Isurus-81_500638,2010,0.116601130415497
1.0,Alopias-81_500639,2010,0.0360549278456516
1.0,Sphyrna-81_500693,2010,5.75387965489e-4
1.0,Carcharhinus-81_500816,2010,0.0219977996291801
1.0,Coryphaena_hippurus-81_600006,2010,0.0189987158195415
1.0,Acanthocybium_solandri-81_600089,2010,0.00376599167984172
1.0,Auxis_thazard-81_600094,2010,8.2379120706736e-4
1.0,Katsuwonus_pelamis-81_600107,2010,1.79185922981701
1.0,Thunnus_alalunga-81_600142,2010,213.875943933708
1.0,Thunnus_albacares-81_600143,2010,29.4473591854192
1.0,Thunnus_obesus-81_600146,2010,13.8486977526661
1.0,Istiompax_indica-81_600217,2010,0.209827818113344
1.0,Makaira_mazara-81_600218,2010,0.946075755583689
1.0,Kajikia_audax-81_600223,2010,11.4462223186816
1.0,Xiphias_gladius-81_600226,2010,22.8700264213397
1.0,Brama_brama-81_600391,2010,0.00355180638919579
1.0,Isurus_oxyrinchus-81_600752,2010,0.164357527475268
1.0,Mugil_cephalus-81_600785,2010,0.617250442414632
1.0,Carcharhinus_falciformis-81_600868,2010,0.0672790069761438
1.0,Carcharhinus_longimanus-81_600875,2010,0.0147428751564656
1.0,Prionace_glauca-81_600898,2010,0.841846406525613
1.0,Lampris_guttatus-81_601072,2010,2.53333366127485e-4
1.0,Mola_mola-81_601732,2010,3.69249088562605e-5
1.0,Antimora_rostrata-81_602005,2010,8.57019480747056e-4
1.0,Halargyreus_johnsonii-81_602012,2010,0.00249144243019131
1.0,Alopias_vulpinus-81_602535,2010,3.02885368113778e-4
1.0,Pagrus_auratus-81_606426,2010,0.164575978834031
1.0,Neocyttus_rhomboidalis-81_609146,2010,6.78022682505972e-4
1.0,Scylla_serrata-81_690190,2010,0.0191617263026978
1.0,Haliporoides_sibogae-81_690194,2010,0.664724548886176
1.0,Ranina_ranina-81_690883,2010,0.035581401508761
